{"stats":{"minecraft:killed":{"minecraft:sheep":1},"minecraft:picked_up":{"minecraft:oak_log":5,"minecraft:oak_sapling":1,"minecraft:mutton":1,"minecraft:white_wool":1,"minecraft:egg":2},"minecraft:mined":{"minecraft:oak_log":5,"minecraft:oak_leaves":3},"minecraft:custom":{"minecraft:jump":104,"minecraft:time_since_rest":8029,"minecraft:walk_on_water_one_cm":3748,"minecraft:damage_dealt":55,"minecraft:crouch_one_cm":122,"minecraft:sprint_one_cm":17383,"minecraft:play_time":8029,"minecraft:time_since_death":8029,"minecraft:walk_one_cm":17092,"minecraft:sneak_time":14,"minecraft:total_world_time":8029,"minecraft:walk_under_water_one_cm":731,"minecraft:mob_kills":1,"minecraft:swim_one_cm":6627,"minecraft:fall_one_cm":954,"minecraft:fly_one_cm":14970}},"DataVersion":3120}