{"stats":{"minecraft:killed":{"minecraft:sheep":1,"minecraft:pig":4},"minecraft:used":{"minecraft:wooden_axe":31,"minecraft:wooden_pickaxe":10,"minecraft:egg":2},"minecraft:picked_up":{"minecraft:porkchop":10,"minecraft:oak_log":19,"minecraft:dirt":6,"minecraft:oak_sapling":1,"minecraft:mutton":1,"minecraft:white_wool":1,"minecraft:cobblestone":10,"minecraft:egg":2},"minecraft:crafted":{"minecraft:wooden_sword":1,"minecraft:oak_planks":76,"minecraft:stick":12,"minecraft:wooden_pickaxe":1,"minecraft:wooden_axe":1},"minecraft:mined":{"minecraft:grass":2,"minecraft:grass_block":6,"minecraft:oak_log":19,"minecraft:vine":1,"minecraft:stone":10,"minecraft:oak_leaves":5},"minecraft:killed_by":{"minecraft:zombie":1},"minecraft:custom":{"minecraft:time_since_rest":16639,"minecraft:sprint_one_cm":28282,"minecraft:interact_with_furnace":3,"minecraft:damage_taken":320,"minecraft:walk_one_cm":44978,"minecraft:mob_kills":5,"minecraft:damage_dealt":455,"minecraft:swim_one_cm":6627,"minecraft:interact_with_crafting_table":2,"minecraft:fly_one_cm":29337,"minecraft:open_chest":1,"minecraft:crouch_one_cm":122,"minecraft:play_time":69991,"minecraft:deaths":1,"minecraft:sneak_time":14,"minecraft:walk_under_water_one_cm":754,"minecraft:jump":274,"minecraft:leave_game":2,"minecraft:walk_on_water_one_cm":6287,"minecraft:time_since_death":1074,"minecraft:sleep_in_bed":2,"minecraft:climb_one_cm":7708,"minecraft:total_world_time":69991,"minecraft:fall_one_cm":7191}},"DataVersion":3120}