{"stats":{"minecraft:killed":{"minecraft:sheep":1,"minecraft:pig":4},"minecraft:used":{"minecraft:wooden_axe":31,"minecraft:wooden_pickaxe":10,"minecraft:egg":2},"minecraft:picked_up":{"minecraft:porkchop":10,"minecraft:oak_log":19,"minecraft:dirt":6,"minecraft:oak_sapling":1,"minecraft:cobblestone":10,"minecraft:mutton":1,"minecraft:white_wool":1,"minecraft:egg":2},"minecraft:crafted":{"minecraft:wooden_sword":1,"minecraft:oak_planks":76,"minecraft:stick":12,"minecraft:wooden_pickaxe":1,"minecraft:wooden_axe":1},"minecraft:mined":{"minecraft:grass_block":6,"minecraft:grass":2,"minecraft:oak_log":19,"minecraft:vine":1,"minecraft:stone":10,"minecraft:oak_leaves":5},"minecraft:killed_by":{"minecraft:zombie":1},"minecraft:custom":{"minecraft:deaths":1,"minecraft:time_since_rest":8677,"minecraft:interact_with_furnace":3,"minecraft:crouch_one_cm":122,"minecraft:play_time":62029,"minecraft:sprint_one_cm":27402,"minecraft:damage_taken":220,"minecraft:walk_one_cm":44484,"minecraft:sneak_time":14,"minecraft:walk_under_water_one_cm":754,"minecraft:mob_kills":5,"minecraft:jump":260,"minecraft:damage_dealt":455,"minecraft:time_since_death":0,"minecraft:walk_on_water_one_cm":6270,"minecraft:sleep_in_bed":2,"minecraft:total_world_time":62029,"minecraft:climb_one_cm":6877,"minecraft:swim_one_cm":6627,"minecraft:interact_with_crafting_table":2,"minecraft:fall_one_cm":6452,"minecraft:fly_one_cm":28409}},"DataVersion":3120}