{"stats":{"minecraft:dropped":{"minecraft:spruce_sign":1,"minecraft:bread":9,"minecraft:wheat_seeds":4,"biomesoplenty:lavender":17,"croptopia:sweetpotato":1,"dynamictrees:spruce_seed":12,"paraglider:spirit_orb":4,"minecraft:dirt":27,"minecraft:diorite":3,"minecraft:torch":1,"minecraft:mutton":1,"croptopia:sweetpotato_seed":1,"minecraft:string":1,"minecraft:dandelion":2,"minecraft:bone":2,"minecraft:gravel":2,"hexerei:sage_seed":15,"dynamictrees:oak_seed":6,"minecraft:rotten_flesh":3,"minecraft:potato":7,"minecraft:shield":1,"alexsmobs:cockroach_wing_fragment":1,"minecraft:spider_eye":4,"minecraft:white_dye":1,"minecraft:iron_bars":2,"minecraft:arrow":2,"minecraft:nautilus_shell":1,"vampirism:dark_spruce_planks":4,"biomesoplenty:tall_lavender":1},"minecraft:used":{"minecraft:chest":2,"minecraft:shield":51,"minecraft:torch":3,"minecraft:dirt":13,"minecraft:jungle_trapdoor":2,"minecraft:bricks":3,"minecraft:red_wool":2,"vampirism:dark_spruce_planks":11,"tombstone:gift":1,"minecraft:cooked_beef":2,"minecraft:potato":5,"minecraft:spruce_door":1,"minecraft:baked_potato":3,"minecraft:oak_planks":11,"minecraft:white_wool":1,"minecraft:crafting_table":4,"minecraft:blast_furnace":1,"minecraft:white_bed":2,"minecraft:apple":4,"minecraft:bread":19,"minecraft:iron_pickaxe":169,"minecraft:stone_axe":38,"croptopia:toast":20,"minecraft:diamond_sword":101,"minecraft:cobblestone":17,"minecraft:cooked_porkchop":6},"minecraft:killed_by":{"minecraft:player":3},"minecraft:picked_up":{"croptopia:toast":32,"minecraft:crafting_table":2,"minecraft:redstone_block":1,"vampirism:dark_spruce_log":3,"dynamictrees:spruce_seed":12,"croptopia:sweetpotato_seed":1,"tconstruct:materials_and_you":1,"minecraft:oak_stairs":1,"minecraft:shield":1,"minecraft:string":4,"minecraft:jungle_trapdoor":2,"vampirism:dark_spruce_planks":6,"biomesoplenty:tall_lavender":1,"minecraft:cracked_stone_bricks":1,"minecraft:spruce_planks":4,"dynamictrees:oak_seed":6,"minecraft:spruce_slab":2,"minecraft:tipped_arrow":1,"minecraft:raw_iron":3,"minecraft:stick":78,"minecraft:torch":4,"minecraft:spruce_stairs":1,"iceandfire:silver_ore":5,"minecraft:white_dye":1,"minecraft:diorite":6,"minecraft:pink_terracotta":2,"hexerei:sage_seed":15,"minecraft:arrow":4,"minecraft:rotten_flesh":3,"minecraft:brick_stairs":2,"minecraft:mutton":1,"minecraft:iron_bars":3,"minecraft:white_wool":7,"minecraft:cobblestone":110,"minecraft:nautilus_shell":1,"biomesoplenty:lavender":17,"minecraft:feather":2,"minecraft:cooked_beef":5,"minecraft:potato":6,"paraglider:spirit_orb":4,"minecraft:flint":1,"minecraft:oak_log":18,"minecraft:golden_boots":1,"minecraft:dirt":40,"minecraft:bone":6,"minecraft:stone_bricks":1,"croptopia:sweetpotato":1,"minecraft:wheat_seeds":14,"alexsmobs:cockroach_wing_fragment":1,"minecraft:mossy_stone_bricks":2,"minecraft:glass_bottle":1,"minecraft:oak_planks":21,"minecraft:oak_slab":2,"minecraft:cooked_porkchop":6,"minecraft:chiseled_stone_bricks":1,"minecraft:red_wool":2,"minecraft:dandelion":2,"minecraft:gravel":4,"minecraft:blast_furnace":1,"minecraft:white_bed":1,"minecraft:spruce_log":45,"minecraft:spider_eye":5,"minecraft:spruce_door":1,"galosphere:silver_nugget":2,"minecraft:sugar":2,"minecraft:bread":8,"minecraft:baked_potato":3,"minecraft:bricks":6,"minecraft:coal":14},"minecraft:killed":{"minecraft:cave_spider":1,"vampirism:vampire":1,"minecraft:witch":1,"minecraft:spider":1,"alexsmobs:snow_leopard":1,"alexsmobs:seagull":2,"creeperoverhaul:snowy_creeper":1,"minecraft:skeleton":3,"alexsmobs:cockroach":1,"minecraft:zombie":4,"iceandfire:ghost":1},"minecraft:crafted":{"minecraft:oak_planks":44,"minecraft:chest":2,"minecraft:diamond_sword":1,"minecraft:crafting_table":2,"minecraft:spruce_planks":8,"minecraft:stone_axe":1,"minecraft:air":0,"vampirism:dark_spruce_planks":10,"minecraft:shield":1,"minecraft:stick":4,"minecraft:iron_ingot":6,"minecraft:white_bed":2,"minecraft:torch":4},"minecraft:mined":{"minecraft:spruce_planks":3,"minecraft:white_bed":1,"iceandfire:silver_ore":5,"minecraft:grass_block":7,"vampirism:dark_spruce_log":3,"minecraft:brick_stairs":2,"minecraft:chiseled_stone_bricks":1,"biomesoplenty:tall_lavender":2,"minecraft:iron_ore":3,"minecraft:fire":4,"biomesoplenty:lavender":21,"dynamictrees:spruce_leaves":1,"minecraft:iron_bars":3,"biomesoplenty:spider_egg":1,"minecraft:stone":98,"minecraft:white_wool":1,"minecraft:pink_terracotta":2,"minecraft:jungle_trapdoor":2,"minecraft:oak_slab":1,"minecraft:red_wool":2,"minecraft:soul_fire":1,"minecraft:dandelion":1,"minecraft:powder_snow":2,"croptopia:sweetpotato_crop":1,"minecraft:crafting_table":2,"iceandfire:dragon_ice_spikes":6,"minecraft:blast_furnace":1,"minecraft:cobblestone":2,"minecraft:oak_planks":12,"minecraft:bricks":6,"minecraft:diorite":4,"minecraft:wall_torch":2,"minecraft:grass":106,"minecraft:coal_ore":15,"minecraft:gravel":4,"minecraft:dirt":33,"minecraft:cracked_stone_bricks":1,"minecraft:stone_bricks":1,"minecraft:mossy_stone_bricks":2,"biomesoplenty:reed":1,"minecraft:fern":1},"minecraft:custom":{"minecraft:mob_kills":20,"minecraft:interact_with_crafting_table":8,"goblintraders:trade_with_goblin":3,"minecraft:interact_with_campfire":3,"minecraft:leave_game":3,"minecraft:time_since_death":96391,"minecraft:sprint_one_cm":331455,"minecraft:walk_one_cm":433365,"minecraft:damage_blocked_by_shield":1600,"minecraft:drop":106,"minecraft:damage_dealt_absorbed":4,"minecraft:play_time":170171,"minecraft:deaths":5,"minecraft:sneak_time":2962,"minecraft:walk_under_water_one_cm":33530,"minecraft:jump":2432,"minecraft:interact_with_blast_furnace":2,"minecraft:walk_on_water_one_cm":31599,"minecraft:total_world_time":170171,"tombstone:raider_killed":1,"minecraft:sleep_in_bed":2,"minecraft:time_since_rest":62603,"minecraft:damage_taken":22329,"minecraft:damage_dealt":3760,"minecraft:swim_one_cm":52545,"minecraft:fly_one_cm":506559,"minecraft:open_chest":35,"minecraft:crouch_one_cm":4400,"tombstone:undead_killed":8,"minecraft:fall_one_cm":54419}},"DataVersion":3120}