{"stats":{"minecraft:killed":{"minecraft:skeleton":2,"minecraft:zombie":3},"minecraft:used":{"minecraft:redstone_torch":3,"minecraft:trident":10,"minecraft:piston":1,"minecraft:lever":5,"minecraft:netherite_sword":29,"minecraft:enchanting_table":1,"minecraft:lava_bucket":3,"minecraft:firework_rocket":450,"minecraft:grass_block":1,"minecraft:light_weighted_pressure_plate":6,"minecraft:stone_button":4,"minecraft:oak_planks":5,"minecraft:oak_sign":1,"minecraft:tnt_minecart":1670,"minecraft:spruce_planks":33,"minecraft:chest":4,"minecraft:polished_granite":9,"minecraft:iron_door":1,"minecraft:anvil":1,"minecraft:dirt":1,"minecraft:rail":53,"minecraft:bow":1,"minecraft:tnt":39,"minecraft:red_bed":1,"minecraft:bucket":2,"minecraft:oak_boat":1,"minecraft:lingering_potion":217,"minecraft:obsidian":90},"minecraft:picked_up":{"minecraft:stone":1,"minecraft:cooked_porkchop":2,"minecraft:torch":1,"minecraft:sand":2,"minecraft:diorite":21,"minecraft:dirt":1,"minecraft:arrow":4,"minecraft:bone":4,"minecraft:lever":1,"minecraft:light_weighted_pressure_plate":1,"minecraft:redstone_torch":1,"minecraft:rail":4,"minecraft:cobblestone":16},"minecraft:mined":{"minecraft:grass":7,"minecraft:grass_block":1,"minecraft:sand":2,"minecraft:tall_grass":1},"minecraft:custom":{"minecraft:time_since_rest":64737,"minecraft:sprint_one_cm":19152,"minecraft:walk_one_cm":62383,"minecraft:mob_kills":5,"minecraft:drop":6,"minecraft:damage_dealt":864,"minecraft:swim_one_cm":4975,"minecraft:interact_with_crafting_table":1,"minecraft:fly_one_cm":435861,"minecraft:open_chest":13,"minecraft:crouch_one_cm":643,"minecraft:play_time":64737,"minecraft:sneak_time":1835,"minecraft:walk_under_water_one_cm":210264,"minecraft:boat_one_cm":27241,"minecraft:aviate_one_cm":505952,"minecraft:jump":227,"minecraft:leave_game":1,"minecraft:walk_on_water_one_cm":7686,"minecraft:time_since_death":64737,"minecraft:total_world_time":64737,"minecraft:climb_one_cm":111,"minecraft:fall_one_cm":1521},"minecraft:dropped":{"minecraft:stone":1,"minecraft:diorite":21,"minecraft:torch":1,"minecraft:tnt_minecart":1,"minecraft:oak_planks":1,"minecraft:rail":1}},"DataVersion":3120}