{"stats":{"minecraft:mined":{"minecraft:crafting_table":1,"minecraft:grass":24,"minecraft:coal_ore":5,"minecraft:grass_block":2,"minecraft:oak_log":18,"minecraft:stone":13,"minecraft:oak_leaves":3},"minecraft:dropped":{"minecraft:kelp":5,"minecraft:wheat_seeds":1,"minecraft:wooden_axe":1,"minecraft:wooden_pickaxe":1},"minecraft:used":{"minecraft:wooden_axe":21,"minecraft:stone_pickaxe":15,"minecraft:wooden_pickaxe":3,"minecraft:salmon":1,"minecraft:dirt":2,"minecraft:crafting_table":2,"minecraft:furnace":1},"minecraft:picked_up":{"minecraft:crafting_table":1,"minecraft:salmon":1,"minecraft:porkchop":3,"minecraft:oak_log":18,"minecraft:dirt":2,"minecraft:kelp":5,"minecraft:wheat_seeds":1,"minecraft:coal":5,"minecraft:cobblestone":12},"minecraft:crafted":{"minecraft:oak_planks":72,"minecraft:crafting_table":1,"minecraft:stick":8,"minecraft:stone_pickaxe":1,"minecraft:wooden_pickaxe":1,"minecraft:wooden_axe":1,"minecraft:furnace":1},"minecraft:killed":{"minecraft:pig":1,"minecraft:salmon":1},"minecraft:killed_by":{"minecraft:player":1},"minecraft:custom":{"minecraft:time_since_rest":10670,"minecraft:interact_with_furnace":2,"minecraft:sprint_one_cm":36122,"minecraft:damage_taken":1032,"minecraft:walk_one_cm":38332,"minecraft:mob_kills":2,"minecraft:drop":4,"minecraft:damage_dealt":230,"minecraft:player_kills":1,"minecraft:swim_one_cm":42220,"minecraft:interact_with_crafting_table":4,"minecraft:fly_one_cm":49216,"minecraft:open_chest":6,"minecraft:crouch_one_cm":52,"minecraft:play_time":17174,"minecraft:deaths":3,"minecraft:sneak_time":231,"minecraft:walk_under_water_one_cm":16582,"minecraft:jump":360,"minecraft:walk_on_water_one_cm":14821,"minecraft:time_since_death":10636,"minecraft:total_world_time":17174,"minecraft:fall_one_cm":13527}},"DataVersion":3120}