{"stats":{"minecraft:used":{"minecraft:redstone_torch":3,"minecraft:piston":1,"minecraft:lever":1,"minecraft:firework_rocket":450,"minecraft:light_weighted_pressure_plate":6,"minecraft:oak_planks":5,"minecraft:oak_sign":1,"minecraft:tnt_minecart":603,"minecraft:polished_granite":9,"minecraft:dirt":1,"minecraft:rail":31,"minecraft:tnt":39,"minecraft:oak_boat":1,"minecraft:lingering_potion":17},"minecraft:picked_up":{"minecraft:stone":1,"minecraft:cooked_porkchop":2,"minecraft:torch":1,"minecraft:sand":2,"minecraft:diorite":21,"minecraft:dirt":1,"minecraft:lever":1,"minecraft:light_weighted_pressure_plate":1,"minecraft:redstone_torch":1,"minecraft:cobblestone":16},"minecraft:mined":{"minecraft:grass":7,"minecraft:grass_block":1,"minecraft:sand":2,"minecraft:tall_grass":1},"minecraft:custom":{"minecraft:time_since_rest":28737,"minecraft:sprint_one_cm":10554,"minecraft:walk_one_cm":35229,"minecraft:drop":6,"minecraft:interact_with_crafting_table":1,"minecraft:fly_one_cm":181259,"minecraft:open_chest":1,"minecraft:play_time":28737,"minecraft:sneak_time":548,"minecraft:walk_under_water_one_cm":205588,"minecraft:boat_one_cm":27241,"minecraft:aviate_one_cm":407947,"minecraft:jump":167,"minecraft:leave_game":1,"minecraft:walk_on_water_one_cm":2255,"minecraft:time_since_death":28737,"minecraft:total_world_time":28737,"minecraft:climb_one_cm":111,"minecraft:fall_one_cm":1521},"minecraft:dropped":{"minecraft:stone":1,"minecraft:diorite":21,"minecraft:torch":1,"minecraft:tnt_minecart":1,"minecraft:oak_planks":1,"minecraft:rail":1}},"DataVersion":3120}