{"stats":{"minecraft:killed":{"minecraft:wolf":1,"minecraft:skeleton":2,"minecraft:zombie":3},"minecraft:used":{"minecraft:trident":10,"minecraft:netherite_sword":31,"minecraft:enchanting_table":1,"minecraft:diamond_boots":2,"minecraft:wither_skeleton_skull":9,"minecraft:flint_and_steel":29,"minecraft:oak_planks":5,"minecraft:oak_sign":1,"minecraft:spruce_planks":33,"minecraft:chest":4,"minecraft:wither_skeleton_spawn_egg":29,"minecraft:vindicator_spawn_egg":8,"minecraft:bee_spawn_egg":39,"minecraft:dirt":1,"minecraft:soul_sand":13,"minecraft:anvil":1,"minecraft:rail":53,"minecraft:tnt":39,"minecraft:red_bed":1,"minecraft:crossbow":1,"minecraft:lingering_potion":217,"minecraft:snowball":62,"minecraft:obsidian":91,"minecraft:redstone_torch":3,"minecraft:piston":1,"minecraft:lever":5,"minecraft:lava_bucket":3,"minecraft:firework_rocket":450,"minecraft:grass_block":1,"minecraft:light_weighted_pressure_plate":6,"minecraft:stone_button":4,"minecraft:tnt_minecart":1670,"minecraft:polished_granite":9,"minecraft:iron_door":1,"minecraft:bow":1,"minecraft:bucket":2,"minecraft:oak_boat":1},"minecraft:mined":{"minecraft:grass_block":1,"minecraft:tall_grass":1,"minecraft:grass":7,"minecraft:sand":2},"minecraft:dropped":{"minecraft:lapis_lazuli":64,"minecraft:netherite_chestplate":1,"minecraft:crossbow":1,"minecraft:oak_planks":1,"minecraft:apple":1,"minecraft:rail":1,"minecraft:stone":1,"minecraft:diorite":21,"minecraft:torch":1,"minecraft:tnt_minecart":1,"minecraft:oak_sapling":2},"minecraft:picked_up":{"minecraft:wither_rose":1,"minecraft:wither_skeleton_skull":1,"minecraft:dirt":10,"minecraft:white_banner":3,"minecraft:bone":4,"minecraft:light_weighted_pressure_plate":1,"minecraft:redstone_torch":1,"minecraft:glass_bottle":2,"minecraft:stone":1,"minecraft:cooked_porkchop":2,"minecraft:torch":1,"minecraft:gravel":6,"minecraft:sand":10,"minecraft:diorite":21,"minecraft:arrow":4,"minecraft:lever":1,"minecraft:crossbow":1,"minecraft:netherite_chestplate":1,"minecraft:oak_sapling":1,"minecraft:snowball":35,"minecraft:rail":4,"minecraft:cobblestone":16},"minecraft:custom":{"minecraft:mob_kills":6,"minecraft:interact_with_anvil":3,"minecraft:interact_with_crafting_table":1,"minecraft:leave_game":4,"minecraft:time_since_death":93255,"minecraft:climb_one_cm":111,"minecraft:time_since_rest":93255,"minecraft:sprint_one_cm":32368,"minecraft:walk_one_cm":79433,"minecraft:drop":12,"minecraft:damage_dealt":1033,"minecraft:swim_one_cm":5485,"minecraft:fly_one_cm":628005,"minecraft:open_chest":15,"minecraft:crouch_one_cm":730,"minecraft:play_time":93255,"minecraft:sneak_time":2185,"minecraft:walk_under_water_one_cm":214473,"minecraft:boat_one_cm":27241,"minecraft:aviate_one_cm":505952,"minecraft:jump":291,"minecraft:walk_on_water_one_cm":9256,"minecraft:total_world_time":93255,"minecraft:fall_one_cm":1521}},"DataVersion":3120}