{"stats":{"minecraft:dropped":{"minecraft:kelp":5},"minecraft:mined":{"minecraft:grass":6},"minecraft:picked_up":{"minecraft:salmon":1,"minecraft:kelp":5},"minecraft:used":{"minecraft:salmon":1},"minecraft:killed":{"minecraft:salmon":1},"minecraft:killed_by":{"minecraft:player":1},"minecraft:custom":{"minecraft:time_since_rest":2625,"minecraft:open_chest":6,"minecraft:play_time":5174,"minecraft:sprint_one_cm":4142,"minecraft:walk_one_cm":11239,"minecraft:damage_taken":522,"minecraft:deaths":2,"minecraft:sneak_time":207,"minecraft:walk_under_water_one_cm":15877,"minecraft:mob_kills":1,"minecraft:drop":1,"minecraft:jump":39,"minecraft:damage_dealt":120,"minecraft:time_since_death":2589,"minecraft:walk_on_water_one_cm":13774,"minecraft:total_world_time":5174,"minecraft:swim_one_cm":38346,"minecraft:fall_one_cm":1175,"minecraft:fly_one_cm":3808,"minecraft:player_kills":1}},"DataVersion":3120}