{"stats":{"minecraft:dropped":{"minecraft:bread":9,"hexerei:sage_seed":1,"minecraft:wheat_seeds":3,"biomesoplenty:lavender":17,"minecraft:rotten_flesh":3,"paraglider:spirit_orb":4,"minecraft:dirt":27,"minecraft:potato":6,"minecraft:shield":1,"alexsmobs:cockroach_wing_fragment":1,"minecraft:spider_eye":2,"minecraft:white_dye":1,"minecraft:iron_bars":2,"minecraft:nautilus_shell":1,"minecraft:string":1,"vampirism:dark_spruce_planks":4,"biomesoplenty:tall_lavender":1,"minecraft:bone":2},"minecraft:used":{"minecraft:spruce_door":1,"minecraft:baked_potato":3,"minecraft:oak_planks":1,"minecraft:chest":2,"minecraft:shield":25,"minecraft:white_wool":1,"minecraft:torch":1,"minecraft:dirt":8,"minecraft:crafting_table":4,"minecraft:blast_furnace":1,"minecraft:white_bed":2,"minecraft:jungle_trapdoor":2,"minecraft:apple":3,"minecraft:bricks":3,"minecraft:red_wool":2,"minecraft:bread":12,"minecraft:iron_pickaxe":41,"croptopia:toast":11,"minecraft:cobblestone":4,"minecraft:stone_axe":19,"minecraft:diamond_sword":34,"vampirism:dark_spruce_planks":11,"minecraft:cooked_porkchop":6,"tombstone:gift":1,"minecraft:cooked_beef":2,"minecraft:potato":5},"minecraft:killed_by":{"minecraft:player":3},"minecraft:picked_up":{"minecraft:nautilus_shell":1,"biomesoplenty:lavender":17,"minecraft:crafting_table":2,"minecraft:feather":2,"minecraft:cooked_beef":5,"minecraft:redstone_block":1,"vampirism:dark_spruce_log":3,"tconstruct:materials_and_you":1,"minecraft:oak_stairs":1,"minecraft:potato":5,"paraglider:spirit_orb":4,"minecraft:golden_boots":1,"minecraft:shield":1,"minecraft:jungle_trapdoor":2,"minecraft:string":1,"minecraft:dirt":39,"biomesoplenty:tall_lavender":1,"vampirism:dark_spruce_planks":6,"minecraft:bone":2,"minecraft:stone_bricks":1,"minecraft:cracked_stone_bricks":1,"minecraft:wheat_seeds":4,"alexsmobs:cockroach_wing_fragment":1,"minecraft:spruce_planks":4,"minecraft:mossy_stone_bricks":2,"minecraft:spruce_slab":2,"minecraft:glass_bottle":1,"minecraft:oak_planks":21,"minecraft:tipped_arrow":1,"minecraft:oak_slab":2,"minecraft:stick":5,"minecraft:cooked_porkchop":6,"minecraft:chiseled_stone_bricks":1,"minecraft:torch":3,"minecraft:red_wool":2,"minecraft:spruce_stairs":1,"iceandfire:silver_ore":1,"minecraft:white_dye":1,"minecraft:blast_furnace":1,"minecraft:white_bed":1,"minecraft:spruce_log":2,"minecraft:spruce_door":1,"minecraft:spider_eye":2,"minecraft:pink_terracotta":2,"galosphere:silver_nugget":2,"hexerei:sage_seed":1,"minecraft:rotten_flesh":3,"minecraft:arrow":2,"minecraft:sugar":2,"minecraft:bread":8,"minecraft:brick_stairs":2,"minecraft:baked_potato":3,"minecraft:mutton":1,"minecraft:bricks":6,"minecraft:iron_bars":3,"minecraft:white_wool":7,"minecraft:cobblestone":28,"croptopia:toast":32},"minecraft:killed":{"minecraft:witch":1,"alexsmobs:seagull":2,"minecraft:skeleton":1,"minecraft:zombie":3,"alexsmobs:cockroach":1,"iceandfire:ghost":1},"minecraft:crafted":{"minecraft:diamond_sword":1,"minecraft:crafting_table":2,"minecraft:spruce_planks":8,"minecraft:stone_axe":1,"vampirism:dark_spruce_planks":10,"minecraft:shield":1,"minecraft:stick":4,"minecraft:chest":2,"minecraft:white_bed":2},"minecraft:mined":{"minecraft:oak_slab":1,"minecraft:spruce_planks":3,"minecraft:white_bed":1,"iceandfire:silver_ore":1,"minecraft:red_wool":2,"minecraft:powder_snow":2,"minecraft:crafting_table":2,"minecraft:blast_furnace":1,"minecraft:grass_block":7,"vampirism:dark_spruce_log":3,"minecraft:brick_stairs":2,"minecraft:cobblestone":1,"minecraft:oak_planks":12,"minecraft:bricks":6,"minecraft:wall_torch":1,"minecraft:chiseled_stone_bricks":1,"biomesoplenty:tall_lavender":2,"minecraft:fire":4,"biomesoplenty:lavender":21,"dynamictrees:spruce_leaves":1,"minecraft:grass":6,"minecraft:iron_bars":3,"minecraft:dirt":32,"minecraft:cracked_stone_bricks":1,"minecraft:stone":11,"minecraft:stone_bricks":1,"minecraft:mossy_stone_bricks":2,"minecraft:white_wool":1,"minecraft:jungle_trapdoor":2,"minecraft:pink_terracotta":2},"minecraft:custom":{"minecraft:mob_kills":11,"tombstone:raider_killed":1,"minecraft:interact_with_crafting_table":8,"minecraft:interact_with_campfire":3,"minecraft:leave_game":3,"minecraft:time_since_death":36391,"minecraft:sleep_in_bed":2,"minecraft:time_since_rest":2603,"minecraft:sprint_one_cm":223576,"minecraft:damage_taken":21181,"minecraft:walk_one_cm":249699,"minecraft:damage_blocked_by_shield":390,"minecraft:drop":58,"minecraft:damage_dealt":1616,"minecraft:damage_dealt_absorbed":4,"minecraft:swim_one_cm":45389,"minecraft:fly_one_cm":324187,"minecraft:open_chest":30,"minecraft:crouch_one_cm":2304,"minecraft:play_time":110171,"minecraft:sneak_time":2173,"tombstone:undead_killed":5,"minecraft:deaths":5,"minecraft:walk_under_water_one_cm":28637,"minecraft:jump":1530,"minecraft:walk_on_water_one_cm":19548,"minecraft:total_world_time":110171,"minecraft:fall_one_cm":30207}},"DataVersion":3120}