{"stats":{"minecraft:mined":{"minecraft:red_wool":1,"minecraft:shulker_box":2,"minecraft:crafting_table":3,"minecraft:grass_block":2,"minecraft:blue_bed":1,"minecraft:furnace":1,"minecraft:iron_ore":2,"minecraft:grass":38,"minecraft:oak_log":18,"minecraft:coal_ore":5,"minecraft:stone":30,"minecraft:oak_leaves":3},"minecraft:dropped":{"minecraft:kelp":5,"minecraft:wheat_seeds":2,"minecraft:glass_bottle":1,"minecraft:crafting_table":1,"minecraft:rotten_flesh":1,"minecraft:enchanted_golden_apple":4,"minecraft:wooden_axe":1,"minecraft:wooden_pickaxe":1,"minecraft:bone":2},"minecraft:used":{"minecraft:leather_leggings":1,"minecraft:diamond_boots":1,"minecraft:stone_pickaxe":35,"minecraft:leather_chestplate":1,"minecraft:wooden_pickaxe":3,"minecraft:shield":8,"minecraft:blue_bed":1,"minecraft:leather_boots":1,"minecraft:salmon":1,"minecraft:golden_apple":1,"minecraft:dirt":2,"minecraft:crafting_table":3,"minecraft:diamond_helmet":1,"minecraft:shulker_box":2,"minecraft:wooden_axe":21,"minecraft:red_wool":1,"minecraft:leather_helmet":1,"minecraft:totem_of_undying":2,"minecraft:diamond_sword":9,"minecraft:stone_axe":41,"minecraft:diamond_chestplate":1,"minecraft:wooden_sword":59,"minecraft:potion":1,"minecraft:furnace":1,"minecraft:cooked_porkchop":4,"minecraft:cooked_beef":2,"minecraft:enchanted_golden_apple":2,"minecraft:diamond_leggings":1},"minecraft:picked_up":{"minecraft:crafting_table":4,"minecraft:leather_chestplate":1,"minecraft:cooked_beef":9,"minecraft:salmon":1,"minecraft:leather_leggings":1,"minecraft:diamond_sword":1,"minecraft:potion":1,"minecraft:oak_log":18,"minecraft:shield":1,"minecraft:dirt":7,"minecraft:string":1,"minecraft:blue_bed":1,"minecraft:wooden_sword":1,"minecraft:leather_boots":1,"minecraft:bone":2,"minecraft:kelp":5,"minecraft:bow":1,"minecraft:diamond_leggings":1,"minecraft:wheat_seeds":2,"minecraft:iron_ingot":1,"minecraft:glass_bottle":1,"minecraft:diamond_helmet":1,"minecraft:enchanted_golden_apple":11,"minecraft:furnace":1,"minecraft:raw_iron":2,"minecraft:cooked_porkchop":16,"minecraft:red_wool":1,"minecraft:porkchop":6,"minecraft:leather_helmet":1,"minecraft:shulker_box":3,"minecraft:diamond_chestplate":1,"minecraft:arrow":1,"minecraft:rotten_flesh":1,"minecraft:diamond_boots":1,"minecraft:golden_apple":5,"minecraft:totem_of_undying":2,"minecraft:coal":9,"minecraft:cobblestone":30},"minecraft:crafted":{"minecraft:oak_planks":72,"minecraft:cooked_porkchop":3,"minecraft:crafting_table":1,"minecraft:wooden_pickaxe":1,"minecraft:furnace":1,"minecraft:stone_axe":1,"minecraft:air":0,"minecraft:shield":1,"minecraft:stick":8,"minecraft:stone_pickaxe":1,"minecraft:wooden_axe":1},"minecraft:killed":{"minecraft:pig":2,"minecraft:salmon":1,"minecraft:spider":2,"minecraft:skeleton":3,"minecraft:zombie":3},"minecraft:broken":{"minecraft:leather_helmet":1,"minecraft:wooden_sword":1,"minecraft:leather_boots":1,"minecraft:leather_leggings":1,"minecraft:leather_chestplate":1},"minecraft:killed_by":{"minecraft:player":4},"minecraft:custom":{"minecraft:interact_with_furnace":5,"minecraft:mob_kills":11,"minecraft:interact_with_crafting_table":6,"minecraft:open_shulker_box":3,"minecraft:time_since_death":2887,"minecraft:damage_resisted":214,"minecraft:time_since_rest":2933,"minecraft:sprint_one_cm":102748,"minecraft:walk_one_cm":103613,"minecraft:damage_taken":2859,"minecraft:damage_absorbed":435,"minecraft:damage_blocked_by_shield":720,"minecraft:drop":13,"minecraft:damage_dealt":2835,"minecraft:swim_one_cm":68949,"minecraft:fly_one_cm":102093,"minecraft:player_kills":3,"minecraft:open_chest":6,"minecraft:crouch_one_cm":223,"minecraft:play_time":41174,"minecraft:deaths":6,"minecraft:sneak_time":594,"minecraft:walk_under_water_one_cm":21272,"minecraft:jump":872,"minecraft:walk_on_water_one_cm":19118,"minecraft:total_world_time":41174,"minecraft:fall_one_cm":26514}},"DataVersion":3120}