{"stats":{"minecraft:dropped":{"minecraft:spruce_sign":1,"minecraft:bread":9,"minecraft:wheat_seeds":4,"biomesoplenty:lavender":17,"croptopia:sweetpotato":1,"iceandfire:hippogryph_egg":1,"dynamictrees:spruce_seed":12,"paraglider:spirit_orb":4,"minecraft:cobweb":2,"minecraft:dirt":27,"minecraft:diorite":6,"minecraft:torch":1,"minecraft:mutton":1,"croptopia:sweetpotato_seed":1,"minecraft:string":1,"minecraft:dandelion":2,"minecraft:bone":2,"minecraft:gravel":4,"hexerei:sage_seed":15,"dynamictrees:oak_seed":6,"tombstone:gift":1,"minecraft:rotten_flesh":3,"minecraft:potato":8,"minecraft:shield":1,"alexsmobs:cockroach_wing_fragment":1,"minecraft:spider_eye":6,"minecraft:white_dye":1,"minecraft:iron_bars":2,"minecraft:arrow":2,"minecraft:nautilus_shell":1,"vampirism:dark_spruce_planks":7,"biomesoplenty:tall_lavender":1},"minecraft:used":{"minecraft:chest":2,"minecraft:shield":52,"minecraft:torch":3,"minecraft:dirt":13,"minecraft:jungle_trapdoor":2,"minecraft:bricks":3,"minecraft:red_wool":2,"vampirism:dark_spruce_planks":11,"tombstone:gift":2,"minecraft:cooked_beef":2,"minecraft:potato":6,"minecraft:water_bucket":3,"minecraft:spruce_door":1,"minecraft:stone_pickaxe":2,"minecraft:baked_potato":3,"minecraft:oak_planks":11,"minecraft:white_wool":1,"minecraft:crafting_table":6,"minecraft:blast_furnace":1,"minecraft:white_bed":2,"minecraft:spruce_log":7,"minecraft:apple":4,"minecraft:bread":19,"minecraft:iron_pickaxe":252,"minecraft:stone_axe":44,"croptopia:toast":21,"minecraft:diamond_sword":104,"minecraft:cobblestone":79,"minecraft:cooked_porkchop":6,"minecraft:bucket":3},"minecraft:broken":{"minecraft:iron_pickaxe":1},"minecraft:killed_by":{"minecraft:player":4},"minecraft:picked_up":{"croptopia:toast":32,"minecraft:crafting_table":2,"minecraft:redstone_block":1,"minecraft:diamond_sword":1,"vampirism:dark_spruce_log":3,"dynamictrees:spruce_seed":12,"croptopia:sweetpotato_seed":1,"tconstruct:materials_and_you":2,"minecraft:oak_stairs":1,"minecraft:shield":2,"minecraft:string":11,"minecraft:jungle_trapdoor":2,"vampirism:dark_spruce_planks":6,"biomesoplenty:tall_lavender":1,"minecraft:cracked_stone_bricks":1,"minecraft:spruce_planks":4,"dynamictrees:oak_seed":6,"minecraft:iron_pickaxe":1,"minecraft:spruce_slab":2,"minecraft:tipped_arrow":1,"minecraft:raw_iron":23,"minecraft:stick":146,"minecraft:torch":6,"minecraft:spruce_stairs":1,"iceandfire:silver_ore":5,"minecraft:white_dye":1,"minecraft:diorite":6,"minecraft:pink_terracotta":2,"minecraft:tnt":3,"hexerei:sage_seed":15,"minecraft:arrow":6,"minecraft:rotten_flesh":3,"iceandfire:iron_hippogryph_armor":1,"minecraft:brick_stairs":2,"minecraft:mutton":2,"minecraft:iron_bars":3,"minecraft:white_wool":9,"minecraft:cobblestone":237,"minecraft:nautilus_shell":1,"biomesoplenty:lavender":17,"iceandfire:hippogryph_egg":1,"minecraft:feather":2,"minecraft:cooked_beef":5,"minecraft:water_bucket":1,"minecraft:potato":12,"paraglider:spirit_orb":4,"minecraft:flint":2,"minecraft:oak_log":25,"artifacts:superstitious_hat":1,"minecraft:golden_boots":2,"minecraft:dirt":40,"minecraft:paper":7,"tombstone:gift":2,"minecraft:bone":13,"minecraft:stone_bricks":1,"croptopia:sweetpotato":1,"minecraft:wheat_seeds":24,"alexsmobs:cockroach_wing_fragment":1,"minecraft:iron_ingot":3,"minecraft:cobweb":2,"minecraft:mossy_stone_bricks":2,"minecraft:glass_bottle":1,"minecraft:oak_planks":21,"minecraft:oak_slab":2,"minecraft:cooked_porkchop":6,"minecraft:chiseled_stone_bricks":1,"minecraft:red_wool":2,"minecraft:dandelion":2,"minecraft:gravel":4,"minecraft:blast_furnace":1,"minecraft:white_bed":2,"minecraft:spruce_log":94,"minecraft:spider_eye":6,"minecraft:spruce_door":1,"galosphere:silver_nugget":2,"minecraft:sugar":2,"minecraft:stone_axe":1,"minecraft:chainmail_leggings":1,"minecraft:chainmail_helmet":1,"minecraft:bread":12,"minecraft:baked_potato":3,"minecraft:bricks":6,"minecraft:coal":22},"minecraft:killed":{"minecraft:cave_spider":2,"vampirism:vampire":1,"minecraft:witch":1,"minecraft:spider":1,"alexsmobs:snow_leopard":1,"alexsmobs:seagull":2,"creeperoverhaul:snowy_creeper":1,"minecraft:skeleton":3,"minecraft:sheep":1,"alexsmobs:cockroach":1,"minecraft:zombie":4,"iceandfire:ghost":1},"minecraft:crafted":{"minecraft:oak_planks":48,"minecraft:stone_pickaxe":1,"minecraft:chest":2,"minecraft:diamond_sword":1,"minecraft:crafting_table":4,"minecraft:spruce_planks":8,"minecraft:bucket":1,"minecraft:stone_axe":1,"minecraft:air":0,"vampirism:dark_spruce_planks":10,"minecraft:shield":1,"minecraft:stick":4,"minecraft:iron_ingot":6,"minecraft:white_bed":2,"minecraft:torch":4},"minecraft:mined":{"minecraft:spruce_planks":3,"minecraft:white_bed":1,"iceandfire:silver_ore":5,"minecraft:grass_block":7,"vampirism:dark_spruce_log":3,"minecraft:brick_stairs":2,"minecraft:chiseled_stone_bricks":1,"biomesoplenty:tall_lavender":2,"minecraft:iron_ore":13,"minecraft:fire":4,"biomesoplenty:lavender":21,"dynamictrees:spruce_leaves":1,"minecraft:iron_bars":3,"biomesoplenty:spider_egg":1,"minecraft:stone":99,"minecraft:white_wool":1,"minecraft:pink_terracotta":2,"minecraft:jungle_trapdoor":2,"minecraft:oak_slab":1,"minecraft:red_wool":2,"minecraft:soul_fire":1,"minecraft:dandelion":1,"minecraft:powder_snow":2,"croptopia:sweetpotato_crop":1,"minecraft:crafting_table":2,"iceandfire:dragon_ice_spikes":6,"minecraft:blast_furnace":1,"minecraft:cobblestone":64,"minecraft:oak_planks":12,"minecraft:bricks":6,"minecraft:diorite":4,"minecraft:wall_torch":2,"minecraft:spruce_log":4,"minecraft:grass":106,"minecraft:coal_ore":15,"minecraft:gravel":4,"minecraft:dirt":33,"minecraft:cracked_stone_bricks":1,"minecraft:stone_bricks":1,"minecraft:mossy_stone_bricks":2,"biomesoplenty:reed":1,"minecraft:fern":2},"minecraft:custom":{"minecraft:mob_kills":22,"minecraft:interact_with_crafting_table":10,"goblintraders:trade_with_goblin":3,"minecraft:interact_with_campfire":3,"minecraft:leave_game":3,"minecraft:time_since_death":8144,"minecraft:sprint_one_cm":359062,"minecraft:walk_one_cm":474365,"minecraft:damage_blocked_by_shield":1600,"minecraft:drop":117,"minecraft:damage_dealt_absorbed":4,"minecraft:play_time":182171,"minecraft:deaths":6,"minecraft:sneak_time":3295,"minecraft:walk_under_water_one_cm":35807,"minecraft:jump":2710,"minecraft:interact_with_blast_furnace":2,"minecraft:walk_on_water_one_cm":37329,"minecraft:total_world_time":182171,"tombstone:raider_killed":1,"minecraft:sleep_in_bed":2,"minecraft:time_since_rest":6671,"minecraft:damage_taken":22689,"minecraft:damage_dealt":3960,"minecraft:swim_one_cm":53354,"minecraft:fly_one_cm":571511,"minecraft:open_chest":35,"minecraft:crouch_one_cm":5411,"tombstone:undead_killed":8,"minecraft:fall_one_cm":61496}},"DataVersion":3120}