{"stats":{"minecraft:killed":{"minecraft:skeleton":2,"minecraft:wolf":1,"minecraft:zombie":3},"minecraft:used":{"minecraft:redstone_torch":3,"minecraft:piston":1,"minecraft:trident":10,"minecraft:lever":5,"minecraft:netherite_sword":31,"minecraft:firework_rocket":450,"minecraft:enchanting_table":1,"minecraft:lava_bucket":3,"minecraft:light_weighted_pressure_plate":6,"minecraft:grass_block":1,"minecraft:oak_planks":5,"minecraft:stone_button":4,"minecraft:oak_sign":1,"minecraft:tnt_minecart":1670,"minecraft:chest":4,"minecraft:spruce_planks":33,"minecraft:polished_granite":9,"minecraft:wither_skeleton_spawn_egg":26,"minecraft:iron_door":1,"minecraft:rail":53,"minecraft:dirt":1,"minecraft:anvil":1,"minecraft:bow":1,"minecraft:tnt":39,"minecraft:red_bed":1,"minecraft:bucket":2,"minecraft:oak_boat":1,"minecraft:lingering_potion":217,"minecraft:obsidian":91},"minecraft:mined":{"minecraft:grass":7,"minecraft:grass_block":1,"minecraft:sand":2,"minecraft:tall_grass":1},"minecraft:dropped":{"minecraft:stone":1,"minecraft:lapis_lazuli":64,"minecraft:diorite":21,"minecraft:torch":1,"minecraft:tnt_minecart":1,"minecraft:oak_sapling":2,"minecraft:oak_planks":1,"minecraft:apple":1,"minecraft:rail":1},"minecraft:picked_up":{"minecraft:stone":1,"minecraft:cooked_porkchop":2,"minecraft:torch":1,"minecraft:sand":2,"minecraft:diorite":21,"minecraft:dirt":1,"minecraft:arrow":4,"minecraft:bone":4,"minecraft:lever":1,"minecraft:light_weighted_pressure_plate":1,"minecraft:redstone_torch":1,"minecraft:oak_sapling":1,"minecraft:rail":4,"minecraft:cobblestone":16},"minecraft:custom":{"minecraft:time_since_rest":81838,"minecraft:sprint_one_cm":21505,"minecraft:walk_one_cm":70063,"minecraft:mob_kills":6,"minecraft:drop":10,"minecraft:damage_dealt":944,"minecraft:swim_one_cm":4975,"minecraft:interact_with_crafting_table":1,"minecraft:fly_one_cm":489109,"minecraft:open_chest":15,"minecraft:crouch_one_cm":643,"minecraft:play_time":81838,"minecraft:sneak_time":1924,"minecraft:walk_under_water_one_cm":210264,"minecraft:boat_one_cm":27241,"minecraft:aviate_one_cm":505952,"minecraft:jump":265,"minecraft:leave_game":3,"minecraft:walk_on_water_one_cm":7686,"minecraft:time_since_death":81838,"minecraft:climb_one_cm":111,"minecraft:total_world_time":81838,"minecraft:fall_one_cm":1521}},"DataVersion":3120}