{"stats":{"minecraft:mined":{"minecraft:furnace":1,"minecraft:iron_ore":2,"minecraft:crafting_table":3,"minecraft:grass":38,"minecraft:coal_ore":5,"minecraft:grass_block":2,"minecraft:oak_log":18,"minecraft:stone":30,"minecraft:oak_leaves":3,"minecraft:blue_bed":1},"minecraft:dropped":{"minecraft:kelp":5,"minecraft:wheat_seeds":2,"minecraft:wooden_axe":1,"minecraft:crafting_table":1,"minecraft:rotten_flesh":1,"minecraft:wooden_pickaxe":1},"minecraft:used":{"minecraft:wooden_axe":21,"minecraft:stone_pickaxe":35,"minecraft:shield":8,"minecraft:wooden_pickaxe":3,"minecraft:blue_bed":1,"minecraft:stone_axe":36,"minecraft:salmon":1,"minecraft:dirt":2,"minecraft:crafting_table":3,"minecraft:furnace":1,"minecraft:cooked_porkchop":3,"minecraft:cooked_beef":1},"minecraft:picked_up":{"minecraft:raw_iron":2,"minecraft:crafting_table":4,"minecraft:cooked_beef":9,"minecraft:salmon":1,"minecraft:porkchop":6,"minecraft:oak_log":18,"minecraft:blue_bed":1,"minecraft:string":1,"minecraft:dirt":7,"minecraft:arrow":1,"minecraft:rotten_flesh":1,"minecraft:kelp":5,"minecraft:bow":1,"minecraft:wheat_seeds":2,"minecraft:iron_ingot":1,"minecraft:coal":9,"minecraft:cobblestone":30,"minecraft:furnace":1},"minecraft:crafted":{"minecraft:oak_planks":72,"minecraft:cooked_porkchop":3,"minecraft:shield":1,"minecraft:crafting_table":1,"minecraft:stick":8,"minecraft:stone_pickaxe":1,"minecraft:wooden_pickaxe":1,"minecraft:wooden_axe":1,"minecraft:furnace":1,"minecraft:stone_axe":1,"minecraft:air":0},"minecraft:killed":{"minecraft:skeleton":3,"minecraft:zombie":3,"minecraft:pig":2,"minecraft:salmon":1,"minecraft:spider":2},"minecraft:killed_by":{"minecraft:player":1},"minecraft:custom":{"minecraft:time_since_rest":22670,"minecraft:interact_with_furnace":5,"minecraft:sprint_one_cm":66327,"minecraft:damage_taken":1407,"minecraft:walk_one_cm":73769,"minecraft:damage_blocked_by_shield":720,"minecraft:mob_kills":11,"minecraft:drop":7,"minecraft:damage_dealt":1828,"minecraft:player_kills":1,"minecraft:swim_one_cm":68562,"minecraft:interact_with_crafting_table":6,"minecraft:fly_one_cm":77955,"minecraft:open_chest":6,"minecraft:crouch_one_cm":157,"minecraft:play_time":29174,"minecraft:deaths":3,"minecraft:sneak_time":393,"minecraft:walk_under_water_one_cm":20060,"minecraft:jump":620,"minecraft:walk_on_water_one_cm":18965,"minecraft:time_since_death":22636,"minecraft:total_world_time":29174,"minecraft:fall_one_cm":20946}},"DataVersion":3120}