{"stats":{"minecraft:used":{"minecraft:redstone_torch":3,"minecraft:piston":1,"minecraft:lever":1,"minecraft:dirt":1,"minecraft:firework_rocket":450,"minecraft:rail":1,"minecraft:light_weighted_pressure_plate":6,"minecraft:oak_planks":2,"minecraft:tnt_minecart":167,"minecraft:oak_boat":1,"minecraft:polished_granite":9},"minecraft:picked_up":{"minecraft:cooked_porkchop":2,"minecraft:lever":1,"minecraft:light_weighted_pressure_plate":1,"minecraft:sand":2,"minecraft:redstone_torch":1,"minecraft:dirt":1},"minecraft:mined":{"minecraft:grass":7,"minecraft:grass_block":1,"minecraft:sand":2,"minecraft:tall_grass":1},"minecraft:custom":{"minecraft:time_since_rest":12559,"minecraft:open_chest":1,"minecraft:play_time":12559,"minecraft:sprint_one_cm":8077,"minecraft:walk_one_cm":14757,"minecraft:sneak_time":98,"minecraft:walk_under_water_one_cm":204266,"minecraft:boat_one_cm":27241,"minecraft:aviate_one_cm":402452,"minecraft:jump":138,"minecraft:time_since_death":12559,"minecraft:walk_on_water_one_cm":2155,"minecraft:total_world_time":12559,"minecraft:interact_with_crafting_table":1,"minecraft:fall_one_cm":1521,"minecraft:fly_one_cm":64828}},"DataVersion":3120}