{"stats":{"minecraft:dropped":{"minecraft:bread":9,"minecraft:wheat_seeds":4,"biomesoplenty:lavender":17,"croptopia:sweetpotato":1,"dynamictrees:spruce_seed":12,"paraglider:spirit_orb":4,"minecraft:dirt":27,"minecraft:mutton":1,"croptopia:sweetpotato_seed":1,"minecraft:string":1,"minecraft:dandelion":2,"minecraft:bone":2,"hexerei:sage_seed":15,"dynamictrees:oak_seed":6,"minecraft:rotten_flesh":3,"minecraft:potato":7,"minecraft:shield":1,"alexsmobs:cockroach_wing_fragment":1,"minecraft:spider_eye":3,"minecraft:white_dye":1,"minecraft:iron_bars":2,"minecraft:nautilus_shell":1,"vampirism:dark_spruce_planks":4,"biomesoplenty:tall_lavender":1},"minecraft:used":{"minecraft:chest":2,"minecraft:shield":51,"minecraft:torch":1,"minecraft:dirt":13,"minecraft:jungle_trapdoor":2,"minecraft:bricks":3,"minecraft:red_wool":2,"vampirism:dark_spruce_planks":11,"tombstone:gift":1,"minecraft:cooked_beef":2,"minecraft:potato":5,"minecraft:spruce_door":1,"minecraft:baked_potato":3,"minecraft:oak_planks":11,"minecraft:white_wool":1,"minecraft:crafting_table":4,"minecraft:blast_furnace":1,"minecraft:white_bed":2,"minecraft:apple":4,"minecraft:bread":19,"minecraft:iron_pickaxe":61,"minecraft:stone_axe":38,"croptopia:toast":18,"minecraft:diamond_sword":89,"minecraft:cobblestone":4,"minecraft:cooked_porkchop":6},"minecraft:killed_by":{"minecraft:player":3},"minecraft:picked_up":{"croptopia:toast":32,"minecraft:crafting_table":2,"minecraft:redstone_block":1,"vampirism:dark_spruce_log":3,"dynamictrees:spruce_seed":12,"croptopia:sweetpotato_seed":1,"tconstruct:materials_and_you":1,"minecraft:oak_stairs":1,"minecraft:shield":1,"minecraft:string":3,"minecraft:jungle_trapdoor":2,"vampirism:dark_spruce_planks":6,"biomesoplenty:tall_lavender":1,"minecraft:cracked_stone_bricks":1,"minecraft:spruce_planks":4,"dynamictrees:oak_seed":6,"minecraft:spruce_slab":2,"minecraft:tipped_arrow":1,"minecraft:stick":78,"minecraft:torch":3,"minecraft:spruce_stairs":1,"iceandfire:silver_ore":1,"minecraft:white_dye":1,"minecraft:pink_terracotta":2,"hexerei:sage_seed":15,"minecraft:arrow":3,"minecraft:rotten_flesh":3,"minecraft:brick_stairs":2,"minecraft:mutton":1,"minecraft:iron_bars":3,"minecraft:white_wool":7,"minecraft:cobblestone":28,"minecraft:nautilus_shell":1,"biomesoplenty:lavender":17,"minecraft:feather":2,"minecraft:cooked_beef":5,"minecraft:potato":6,"paraglider:spirit_orb":4,"minecraft:oak_log":18,"minecraft:golden_boots":1,"minecraft:dirt":40,"minecraft:bone":6,"minecraft:stone_bricks":1,"croptopia:sweetpotato":1,"minecraft:wheat_seeds":14,"alexsmobs:cockroach_wing_fragment":1,"minecraft:mossy_stone_bricks":2,"minecraft:glass_bottle":1,"minecraft:oak_planks":21,"minecraft:oak_slab":2,"minecraft:cooked_porkchop":6,"minecraft:chiseled_stone_bricks":1,"minecraft:red_wool":2,"minecraft:dandelion":2,"minecraft:blast_furnace":1,"minecraft:white_bed":1,"minecraft:spruce_log":45,"minecraft:spider_eye":3,"minecraft:spruce_door":1,"galosphere:silver_nugget":2,"minecraft:sugar":2,"minecraft:bread":8,"minecraft:baked_potato":3,"minecraft:bricks":6,"minecraft:coal":12},"minecraft:killed":{"minecraft:witch":1,"minecraft:spider":1,"alexsmobs:snow_leopard":1,"alexsmobs:seagull":2,"creeperoverhaul:snowy_creeper":1,"minecraft:skeleton":3,"alexsmobs:cockroach":1,"minecraft:zombie":4,"iceandfire:ghost":1},"minecraft:crafted":{"minecraft:oak_planks":44,"minecraft:chest":2,"minecraft:diamond_sword":1,"minecraft:crafting_table":2,"minecraft:spruce_planks":8,"minecraft:stone_axe":1,"vampirism:dark_spruce_planks":10,"minecraft:shield":1,"minecraft:stick":4,"minecraft:white_bed":2},"minecraft:mined":{"minecraft:spruce_planks":3,"minecraft:white_bed":1,"iceandfire:silver_ore":1,"minecraft:grass_block":7,"vampirism:dark_spruce_log":3,"minecraft:brick_stairs":2,"minecraft:chiseled_stone_bricks":1,"biomesoplenty:tall_lavender":2,"minecraft:fire":4,"biomesoplenty:lavender":21,"dynamictrees:spruce_leaves":1,"minecraft:iron_bars":3,"minecraft:stone":11,"minecraft:white_wool":1,"minecraft:pink_terracotta":2,"minecraft:jungle_trapdoor":2,"minecraft:oak_slab":1,"minecraft:red_wool":2,"minecraft:soul_fire":1,"minecraft:dandelion":1,"minecraft:powder_snow":2,"croptopia:sweetpotato_crop":1,"minecraft:crafting_table":2,"iceandfire:dragon_ice_spikes":6,"minecraft:blast_furnace":1,"minecraft:cobblestone":1,"minecraft:oak_planks":12,"minecraft:bricks":6,"minecraft:wall_torch":1,"minecraft:grass":106,"minecraft:coal_ore":13,"minecraft:dirt":33,"minecraft:cracked_stone_bricks":1,"minecraft:stone_bricks":1,"minecraft:mossy_stone_bricks":2},"minecraft:custom":{"minecraft:mob_kills":18,"minecraft:interact_with_crafting_table":8,"minecraft:interact_with_campfire":3,"minecraft:leave_game":3,"minecraft:time_since_death":84391,"minecraft:sprint_one_cm":319948,"minecraft:walk_one_cm":388611,"minecraft:damage_blocked_by_shield":1600,"minecraft:drop":96,"minecraft:damage_dealt_absorbed":4,"minecraft:play_time":158171,"minecraft:deaths":5,"minecraft:sneak_time":2401,"minecraft:walk_under_water_one_cm":28772,"minecraft:jump":2254,"minecraft:interact_with_blast_furnace":2,"minecraft:walk_on_water_one_cm":20211,"minecraft:total_world_time":158171,"tombstone:raider_killed":1,"minecraft:sleep_in_bed":2,"minecraft:time_since_rest":50603,"minecraft:damage_taken":22109,"minecraft:damage_dealt":3341,"minecraft:swim_one_cm":45447,"minecraft:fly_one_cm":493265,"minecraft:open_chest":32,"minecraft:crouch_one_cm":3158,"tombstone:undead_killed":8,"minecraft:fall_one_cm":51578}},"DataVersion":3120}