{"stats":{"minecraft:mined":{"minecraft:red_wool":1,"minecraft:torch":1,"minecraft:shulker_box":2,"minecraft:crafting_table":3,"minecraft:grass_block":2,"minecraft:blue_bed":1,"minecraft:furnace":1,"minecraft:iron_ore":2,"minecraft:grass":38,"minecraft:oak_log":18,"minecraft:coal_ore":5,"minecraft:stone":30,"minecraft:oak_leaves":3},"minecraft:dropped":{"minecraft:kelp":5,"minecraft:wheat_seeds":2,"minecraft:glass_bottle":1,"minecraft:crafting_table":1,"minecraft:rotten_flesh":1,"minecraft:enchanted_golden_apple":4,"minecraft:wooden_axe":1,"minecraft:wooden_pickaxe":1,"minecraft:bone":2},"minecraft:used":{"minecraft:netherite_sword":201,"minecraft:leather_leggings":1,"minecraft:diamond_boots":1,"minecraft:netherite_chestplate":1,"minecraft:stone_pickaxe":35,"minecraft:leather_chestplate":1,"minecraft:wooden_pickaxe":3,"minecraft:shield":66,"minecraft:blue_bed":1,"minecraft:leather_boots":1,"minecraft:salmon":1,"minecraft:golden_apple":11,"minecraft:dirt":2,"minecraft:netherite_leggings":1,"minecraft:crafting_table":3,"minecraft:netherite_helmet":1,"minecraft:diamond_helmet":1,"minecraft:shulker_box":2,"minecraft:wooden_axe":21,"minecraft:red_wool":1,"minecraft:leather_helmet":1,"minecraft:totem_of_undying":2,"minecraft:netherite_boots":1,"minecraft:diamond_sword":86,"minecraft:stone_axe":41,"minecraft:diamond_chestplate":1,"minecraft:wooden_sword":59,"minecraft:potion":3,"minecraft:furnace":1,"minecraft:cooked_porkchop":4,"minecraft:cooked_beef":2,"minecraft:enchanted_golden_apple":7,"minecraft:diamond_leggings":1},"minecraft:picked_up":{"minecraft:netherite_boots":1,"minecraft:crafting_table":4,"minecraft:leather_chestplate":1,"minecraft:cooked_beef":9,"minecraft:salmon":1,"minecraft:leather_leggings":1,"minecraft:diamond_sword":1,"minecraft:potion":3,"minecraft:oak_log":18,"minecraft:shield":2,"minecraft:netherite_leggings":1,"minecraft:dirt":7,"minecraft:string":1,"minecraft:blue_bed":1,"minecraft:wooden_sword":1,"minecraft:leather_boots":1,"minecraft:bone":2,"minecraft:kelp":5,"minecraft:bow":1,"minecraft:diamond_leggings":1,"minecraft:wheat_seeds":2,"minecraft:netherite_sword":1,"minecraft:iron_ingot":1,"minecraft:glass_bottle":1,"minecraft:diamond_helmet":1,"minecraft:enchanted_golden_apple":16,"minecraft:furnace":1,"minecraft:raw_iron":2,"minecraft:cooked_porkchop":16,"minecraft:red_wool":1,"minecraft:porkchop":6,"minecraft:leather_helmet":1,"minecraft:shulker_box":3,"minecraft:diamond_chestplate":1,"minecraft:arrow":1,"minecraft:rotten_flesh":1,"minecraft:netherite_helmet":1,"minecraft:diamond_boots":1,"minecraft:golden_apple":11,"minecraft:totem_of_undying":5,"minecraft:netherite_chestplate":1,"minecraft:coal":9,"minecraft:cobblestone":30},"minecraft:crafted":{"minecraft:oak_planks":72,"minecraft:cooked_porkchop":3,"minecraft:crafting_table":1,"minecraft:wooden_pickaxe":1,"minecraft:furnace":1,"minecraft:stone_axe":1,"minecraft:air":0,"minecraft:shield":1,"minecraft:stick":8,"minecraft:stone_pickaxe":1,"minecraft:wooden_axe":1},"minecraft:killed":{"minecraft:pig":2,"minecraft:salmon":1,"minecraft:spider":2,"minecraft:skeleton":3,"minecraft:zombie":3},"minecraft:broken":{"minecraft:leather_helmet":1,"minecraft:netherite_helmet":1,"minecraft:wooden_sword":1,"minecraft:leather_boots":1,"minecraft:leather_leggings":1,"minecraft:leather_chestplate":1},"minecraft:killed_by":{"minecraft:player":7},"minecraft:custom":{"minecraft:interact_with_furnace":5,"minecraft:mob_kills":11,"minecraft:interact_with_crafting_table":6,"minecraft:open_shulker_box":3,"minecraft:bell_ring":10,"minecraft:leave_game":1,"minecraft:time_since_death":0,"minecraft:damage_resisted":2012,"minecraft:time_since_rest":328,"minecraft:sprint_one_cm":137244,"minecraft:walk_one_cm":142291,"minecraft:damage_taken":5050,"minecraft:damage_absorbed":1436,"minecraft:damage_blocked_by_shield":1726,"minecraft:drop":13,"minecraft:damage_dealt":3872,"minecraft:swim_one_cm":72560,"minecraft:fly_one_cm":135490,"minecraft:player_kills":3,"minecraft:open_chest":6,"minecraft:crouch_one_cm":479,"minecraft:play_time":57824,"minecraft:deaths":9,"minecraft:sneak_time":798,"minecraft:walk_under_water_one_cm":21912,"minecraft:jump":1440,"minecraft:walk_on_water_one_cm":20115,"minecraft:total_world_time":57824,"minecraft:fall_one_cm":36127}},"DataVersion":3120}