{"stats":{"minecraft:killed":{"laendli_transport:boat_1animated":3},"minecraft:picked_up":{"minecraft:snow":2,"iwannaskate:skateboard":3,"camera:image":1},"minecraft:dropped":{"camera:camera":1,"minecraft:snow":2,"minecraft:oak_planks":1,"iwannaskate:skateboard":1,"camera:image_frame":1,"camera:image":5},"minecraft:killed_by":{"minecraft:zombie":1},"minecraft:used":{"camera:image_frame":5,"iwannaskate:skateboard":2,"hexerei:witch_hazel_broom":1,"cgm:pistol":6,"minecraft:oak_planks":2,"minecraft:oak_boat":1,"modernlife:road_marker":6,"cgm:mini_gun":164},"minecraft:custom":{"minecraft:time_since_rest":34143,"minecraft:crouch_one_cm":592,"minecraft:sprint_one_cm":13421,"minecraft:play_time":42603,"minecraft:deaths":1,"minecraft:damage_taken":260,"minecraft:walk_one_cm":32033,"minecraft:sneak_time":356,"minecraft:walk_under_water_one_cm":4183,"minecraft:mob_kills":35,"minecraft:boat_one_cm":307,"minecraft:drop":11,"minecraft:jump":185,"minecraft:damage_dealt":2102,"minecraft:leave_game":4,"minecraft:walk_on_water_one_cm":127,"minecraft:time_since_death":36542,"minecraft:total_world_time":42603,"minecraft:damage_dealt_absorbed":3075,"minecraft:fly_one_cm":214352}},"DataVersion":3120}