{"stats":{"minecraft:mined":{"minecraft:furnace":1,"minecraft:birch_log":6,"minecraft:birch_leaves":1,"minecraft:crafting_table":4,"minecraft:coal_ore":33,"minecraft:grass_block":1,"minecraft:oak_log":12,"minecraft:stone":36,"minecraft:oak_leaves":11},"minecraft:dropped":{"minecraft:dirt":1,"minecraft:birch_sapling":1},"minecraft:used":{"minecraft:stone_sword":24,"minecraft:stone_pickaxe":54,"minecraft:wooden_pickaxe":20,"minecraft:torch":14,"minecraft:stone_axe":19,"minecraft:crafting_table":4,"minecraft:furnace":1,"minecraft:cooked_porkchop":2},"minecraft:picked_up":{"minecraft:birch_log":7,"minecraft:stick":1,"minecraft:crafting_table":5,"minecraft:birch_planks":17,"minecraft:porkchop":9,"minecraft:oak_log":24,"minecraft:gunpowder":2,"minecraft:dirt":2,"minecraft:stone_sword":1,"minecraft:rotten_flesh":4,"minecraft:stone_axe":1,"minecraft:birch_sapling":2,"minecraft:coal":33,"minecraft:cobblestone":45,"minecraft:furnace":1},"minecraft:crafted":{"minecraft:cooked_porkchop":9,"minecraft:crafting_table":1,"minecraft:stick":16,"minecraft:wooden_pickaxe":1,"minecraft:stone_pickaxe":2,"minecraft:stone_sword":1,"minecraft:furnace":1,"minecraft:torch":16,"minecraft:birch_planks":28,"minecraft:stone_axe":1,"minecraft:air":0},"minecraft:killed":{"minecraft:pig":4,"minecraft:zombie":2,"minecraft:creeper":1},"minecraft:killed_by":{"minecraft:player":1,"minecraft:skeleton":1,"minecraft:creeper":1},"minecraft:custom":{"minecraft:time_since_rest":7931,"minecraft:interact_with_furnace":4,"minecraft:sprint_one_cm":47107,"minecraft:damage_taken":1143,"minecraft:walk_one_cm":41765,"minecraft:mob_kills":7,"minecraft:drop":2,"minecraft:damage_dealt":1624,"minecraft:player_kills":1,"minecraft:interact_with_crafting_table":6,"minecraft:swim_one_cm":31270,"minecraft:fly_one_cm":79707,"minecraft:crouch_one_cm":4782,"minecraft:play_time":22385,"minecraft:deaths":3,"minecraft:sneak_time":2517,"minecraft:walk_under_water_one_cm":8359,"minecraft:jump":580,"minecraft:leave_game":3,"minecraft:time_since_death":7903,"minecraft:walk_on_water_one_cm":7927,"minecraft:total_world_time":22385,"minecraft:fall_one_cm":21101}},"DataVersion":3120}