{"stats":{"minecraft:mined":{"minecraft:crafting_table":5,"minecraft:grass_block":1,"minecraft:cobblestone":1,"minecraft:diorite":2,"minecraft:furnace":2,"minecraft:birch_log":6,"minecraft:iron_ore":51,"minecraft:birch_leaves":1,"minecraft:oak_log":12,"minecraft:coal_ore":35,"minecraft:stone":47,"minecraft:oak_leaves":11},"minecraft:dropped":{"minecraft:netherite_sword":2,"minecraft:cooked_porkchop":32,"minecraft:netherite_chestplate":1,"minecraft:birch_sapling":1,"minecraft:netherite_helmet":1,"minecraft:diamond_leggings":4,"minecraft:oak_fence":2,"minecraft:oak_planks":1,"minecraft:enchanted_golden_apple":35,"minecraft:totem_of_undying":8,"minecraft:shulker_box":2,"minecraft:golden_apple":22,"minecraft:leather_helmet":2,"minecraft:netherite_leggings":1,"minecraft:diamond_sword":4,"minecraft:leather_chestplate":2,"minecraft:oak_fence_gate":1,"minecraft:dirt":1,"minecraft:shield":4,"minecraft:diamond_chestplate":4,"minecraft:netherite_boots":3,"minecraft:leather_boots":2,"minecraft:diamond_helmet":4,"minecraft:potion":11,"minecraft:leather_leggings":2,"minecraft:wooden_sword":2,"minecraft:diamond_boots":4},"minecraft:used":{"minecraft:oak_fence":76,"minecraft:water_bucket":1,"minecraft:netherite_sword":1,"minecraft:stone_sword":24,"minecraft:stone_pickaxe":122,"minecraft:oak_planks":40,"minecraft:wooden_pickaxe":20,"minecraft:bell":1,"minecraft:white_wool":44,"minecraft:torch":39,"minecraft:crafting_table":5,"minecraft:oak_fence_gate":4,"minecraft:red_wool":44,"minecraft:iron_pickaxe":4,"minecraft:stone_axe":19,"minecraft:cobblestone":8,"minecraft:furnace":2,"minecraft:cooked_porkchop":2,"minecraft:bucket":2},"minecraft:picked_up":{"minecraft:birch_log":7,"minecraft:netherite_boots":1,"minecraft:crafting_table":6,"minecraft:water_bucket":1,"minecraft:diamond_sword":2,"minecraft:birch_planks":17,"minecraft:potion":2,"minecraft:oak_log":36,"minecraft:shield":1,"minecraft:gunpowder":4,"minecraft:dirt":2,"minecraft:diamond_leggings":2,"minecraft:netherite_sword":1,"minecraft:iron_ingot":6,"minecraft:stone_pickaxe":1,"minecraft:iron_pickaxe":1,"minecraft:diamond_helmet":2,"minecraft:enchanted_golden_apple":13,"minecraft:birch_sapling":2,"minecraft:furnace":2,"minecraft:dark_oak_sapling":1,"minecraft:stick":11,"minecraft:raw_iron":69,"minecraft:cooked_porkchop":37,"minecraft:oak_fence":1,"minecraft:torch":51,"minecraft:porkchop":9,"minecraft:diorite":2,"minecraft:shulker_box":2,"minecraft:stone_sword":2,"minecraft:diamond_chestplate":2,"minecraft:rotten_flesh":8,"minecraft:stone_axe":2,"minecraft:diamond_boots":2,"minecraft:coal":47,"minecraft:cobblestone":75},"minecraft:crafted":{"minecraft:cooked_porkchop":9,"minecraft:crafting_table":1,"minecraft:wooden_pickaxe":1,"minecraft:iron_helmet":1,"minecraft:furnace":1,"minecraft:bucket":1,"minecraft:birch_planks":28,"minecraft:stone_axe":1,"minecraft:air":0,"minecraft:iron_boots":1,"minecraft:iron_chestplate":1,"minecraft:stick":40,"minecraft:iron_ingot":33,"minecraft:iron_pickaxe":1,"minecraft:stone_pickaxe":2,"minecraft:stone_sword":1,"minecraft:iron_leggings":1,"minecraft:torch":72},"minecraft:killed":{"minecraft:pig":4,"minecraft:creeper":1,"minecraft:zombie":2},"minecraft:killed_by":{"minecraft:player":1,"minecraft:skeleton":1,"minecraft:creeper":1},"minecraft:custom":{"minecraft:interact_with_furnace":16,"minecraft:mob_kills":7,"minecraft:interact_with_crafting_table":10,"minecraft:bell_ring":24,"minecraft:leave_game":3,"minecraft:time_since_death":31208,"minecraft:time_since_rest":31247,"minecraft:sprint_one_cm":52673,"minecraft:damage_taken":1373,"minecraft:walk_one_cm":77487,"minecraft:drop":103,"minecraft:damage_dealt":1900,"minecraft:swim_one_cm":31270,"minecraft:fly_one_cm":267918,"minecraft:player_kills":1,"minecraft:crouch_one_cm":9338,"minecraft:play_time":58385,"minecraft:deaths":4,"minecraft:sneak_time":5223,"minecraft:walk_under_water_one_cm":9054,"minecraft:jump":762,"minecraft:walk_on_water_one_cm":9085,"minecraft:total_world_time":58385,"minecraft:fall_one_cm":24969}},"DataVersion":3120}