{"stats":{"minecraft:mined":{"minecraft:oak_leaves":1},"minecraft:custom":{"minecraft:jump":72,"minecraft:time_since_rest":2256,"minecraft:damage_taken":40,"minecraft:sprint_one_cm":5109,"minecraft:leave_game":2,"minecraft:play_time":2256,"minecraft:walk_on_water_one_cm":760,"minecraft:time_since_death":2256,"minecraft:walk_one_cm":7114,"minecraft:sneak_time":5,"minecraft:total_world_time":2256,"minecraft:walk_under_water_one_cm":395,"minecraft:swim_one_cm":917,"minecraft:fall_one_cm":3582,"minecraft:fly_one_cm":11974}},"DataVersion":3120}