{"stats":{"minecraft:killed":{"minecraft:spider":1},"minecraft:used":{"minecraft:dirt":7},"minecraft:picked_up":{"minecraft:wheat_seeds":1,"minecraft:string":1,"minecraft:dirt":16},"minecraft:mined":{"minecraft:grass":6,"minecraft:grass_block":6,"minecraft:dirt":1,"minecraft:oak_leaves":1},"minecraft:killed_by":{"minecraft:spider":1},"minecraft:custom":{"minecraft:time_since_rest":15510,"minecraft:crouch_one_cm":744,"minecraft:sprint_one_cm":25314,"minecraft:play_time":20829,"minecraft:deaths":1,"minecraft:damage_taken":420,"minecraft:walk_one_cm":14355,"minecraft:sneak_time":249,"minecraft:walk_under_water_one_cm":1854,"minecraft:mob_kills":1,"minecraft:drop":1,"minecraft:jump":323,"minecraft:damage_dealt":229,"minecraft:leave_game":6,"minecraft:walk_on_water_one_cm":4230,"minecraft:time_since_death":15477,"minecraft:climb_one_cm":930,"minecraft:total_world_time":20829,"minecraft:swim_one_cm":3515,"minecraft:fall_one_cm":9123,"minecraft:fly_one_cm":78659},"minecraft:dropped":{"minecraft:wheat_seeds":1}},"DataVersion":3120}