{"stats":{"minecraft:picked_up":{"camera:image":1},"minecraft:dropped":{"camera:image":5},"minecraft:killed_by":{"minecraft:zombie":1},"minecraft:used":{"minecraft:oak_planks":2,"camera:image_frame":5,"iwannaskate:skateboard":1,"hexerei:witch_hazel_broom":1},"minecraft:custom":{"minecraft:jump":43,"minecraft:time_since_rest":17692,"minecraft:damage_dealt":10,"minecraft:damage_taken":260,"minecraft:crouch_one_cm":146,"minecraft:leave_game":3,"minecraft:play_time":26152,"minecraft:sprint_one_cm":2576,"minecraft:time_since_death":20091,"minecraft:walk_one_cm":9476,"minecraft:deaths":1,"minecraft:sneak_time":152,"minecraft:total_world_time":26152,"minecraft:drop":5,"minecraft:fly_one_cm":39423}},"DataVersion":3120}