{"stats":{"minecraft:killed_by":{"minecraft:zombie":1},"minecraft:custom":{"minecraft:jump":39,"minecraft:time_since_rest":16777,"minecraft:damage_dealt":10,"minecraft:damage_taken":260,"minecraft:crouch_one_cm":146,"minecraft:leave_game":3,"minecraft:play_time":25237,"minecraft:sprint_one_cm":2233,"minecraft:time_since_death":19176,"minecraft:walk_one_cm":9365,"minecraft:deaths":1,"minecraft:sneak_time":119,"minecraft:total_world_time":25237,"minecraft:drop":5,"minecraft:fly_one_cm":27164},"minecraft:dropped":{"camera:image":5},"minecraft:picked_up":{"camera:image":1},"minecraft:used":{"camera:image_frame":5,"minecraft:oak_planks":2,"iwannaskate:skateboard":1,"hexerei:witch_hazel_broom":1}},"DataVersion":3120}