{"stats":{"minecraft:dropped":{"minecraft:golden_boots":1,"minecraft:wheat_seeds":3,"minecraft:cooked_beef":4,"minecraft:oak_log":4,"minecraft:baked_potato":2,"minecraft:cooked_porkchop":6,"cataclysm:the_incinerator":1,"biomesoplenty:lavender":10,"cgm:mini_gun":1,"iceandfire:hippogryph_egg":1,"naturalist:glow_goop":1,"minecraft:chainmail_helmet":1,"minecraft:coal":1,"minecraft:golden_apple":1,"vampirism:hunter_coat_feet_ultimate":1,"minecraft:cod":1,"minecraft:flint":9,"minecraft:cobweb":2,"tconstruct:materials_and_you":1,"beyond_earth:space_helmet":1,"minecraft:torch":6,"iceandfire:iron_hippogryph_armor":1,"minecraft:wooden_sword":2,"minecraft:iron_pickaxe":1,"minecraft:white_wool":6,"minecraft:dandelion":1,"minecraft:spruce_sapling":1,"beyond_earth:space_suit":1,"minecraft:stone_axe":2,"hexerei:animal_fat":5,"hexerei:sage_seed":4,"croptopia:toast":88,"minecraft:stone_sword":2,"minecraft:raw_iron":5,"minecraft:rotten_flesh":5,"cataclysm:gauntlet_of_bulwark":1,"minecraft:oak_planks":11,"minecraft:carrot":3,"minecraft:flint_and_steel":1,"minecraft:diamond_sword":1,"minecraft:leather_chestplate":1,"minecraft:potato":3,"minecraft:leather_boots":1,"croptopia:roe":2,"minecraft:leather_leggings":1,"minecraft:white_dye":2,"minecraft:iron_bars":2,"minecraft:stone_pickaxe":2},"minecraft:used":{"minecraft:stone_sword":29,"minecraft:flint_and_steel":8,"minecraft:carved_pumpkin":1,"minecraft:chest":1,"minecraft:spruce_planks":8,"minecraft:iron_sword":65,"minecraft:torch":27,"minecraft:dirt":6,"witherstormmod:formidibomb":7,"minecraft:music_disc_mellohi":1,"iwannaskate:skateboard":1,"minecraft:furnace":1,"tombstone:gift":6,"comforts:sleeping_bag_white":3,"minecraft:cooked_beef":10,"minecraft:cooked_mutton":5,"minecraft:baked_potato":2,"minecraft:stone_pickaxe":142,"minecraft:oak_planks":10,"minecraft:wooden_pickaxe":39,"minecraft:music_disc_cat":1,"minecraft:crafting_table":3,"minecraft:white_bed":3,"iceandfire:frozen_splinters":2,"minecraft:bread":6,"tombstone:magic_scroll":1,"minecraft:stone_axe":21,"croptopia:toast":69,"minecraft:wooden_sword":52,"minecraft:cobblestone":9,"minecraft:chainmail_boots":1,"minecraft:cooked_porkchop":1,"cgm:mini_gun":379,"minecraft:jukebox":1},"minecraft:broken":{"minecraft:stone_pickaxe":1},"minecraft:killed_by":{"minecraft:player":1},"minecraft:picked_up":{"minecraft:crafting_table":1,"minecraft:redstone_lamp":2,"minecraft:diamond_sword":1,"minecraft:enchanted_book":1,"minecraft:music_disc_cat":1,"minecraft:string":6,"iceandfire:frozen_splinters":2,"minecraft:wooden_sword":2,"minecraft:iron_leggings":1,"comforts:sleeping_bag_white":3,"minecraft:beef":12,"minecraft:iron_pickaxe":1,"minecraft:spruce_slab":2,"minecraft:stripped_crimson_hyphae":1,"iceandfire:pixie_dust":1,"minecraft:stick":3,"minecraft:raw_iron":33,"minecraft:jukebox":1,"minecraft:torch":15,"minecraft:music_disc_mellohi":1,"iceandfire:silver_ore":4,"minecraft:porkchop":7,"cataclysm:gauntlet_of_bulwark":1,"minecraft:white_dye":2,"minecraft:lightning_rod":1,"tconstruct:sky_slime_dirt":4,"tombstone:grave_dust":1,"minecraft:carrot":3,"hexerei:sage_seed":4,"minecraft:tnt":4,"minecraft:rotten_flesh":5,"minecraft:arrow":7,"minecraft:hay_block":27,"minecraft:carved_pumpkin":3,"friendsandfoes:waxed_oxidized_copper_button":2,"minecraft:mutton":5,"minecraft:iron_bars":2,"minecraft:cod":1,"minecraft:nautilus_shell":2,"minecraft:white_wool":13,"minecraft:cobblestone":76,"biomesoplenty:lavender":10,"minecraft:oxidized_copper":1,"minecraft:cooked_beef":10,"minecraft:leather":3,"minecraft:copper_block":1,"minecraft:potato":3,"paraglider:spirit_orb":2,"minecraft:oak_log":13,"minecraft:dirt":28,"tombstone:gift":2,"naturalist:glow_goop":1,"minecraft:cooked_mutton":5,"minecraft:bone":1,"minecraft:wheat_seeds":3,"minecraft:cobweb":2,"iwannaskate:skateboard":1,"croptopia:roe":2,"minecraft:oak_planks":36,"hexerei:animal_fat":5,"friendsandfoes:oxidized_lightning_rod":1,"minecraft:cooked_porkchop":7,"minecraft:red_wool":1,"minecraft:dandelion":1,"minecraft:spruce_sapling":1,"minecraft:white_bed":1,"minecraft:spruce_log":10,"minecraft:spider_eye":1,"minecraft:chainmail_helmet":1,"minecraft:bread":1,"tombstone:magic_scroll":1,"minecraft:coal":49},"minecraft:killed":{"alexsmobs:hummingbird":1,"alexsmobs:blobfish":2,"minecraft:spider":9,"minecraft:vindicator":2,"tconstruct:sky_slime":3,"minecraft:cod":3,"minecraft:skeleton":11,"minecraft:chicken":3,"alexsmobs:comb_jelly":8,"creeperoverhaul:cave_creeper":1,"minecraft:drowned":5,"cataclysm:lionfish":1,"alexsmobs:frilled_shark":2,"iceandfire:hippocampus":1,"cataclysm:deepling_angler":1,"laendli_transport:slabcrab":2,"minecraft:pig":3,"naturalist:firefly":2,"minecraft:salmon":9,"minecraft:bat":1,"minecraft:creeper":3,"minecraft:squid":4,"vampirism:hunter":1,"minecraft:sheep":9,"laendli_transport:crab":8,"minecraft:zombie":11,"alexsmobs:cockroach":1,"alexsmobs:cachalot_whale":1,"cataclysm:deepling":2,"minecraft:stray":1,"iceandfire:ice_dragon":2,"alexsmobs:fly":1,"iceandfire:pixie":1,"minecraft:glow_squid":2,"minecraft:villager":29,"minecraft:cow":6},"minecraft:mined":{"minecraft:spruce_planks":1,"minecraft:white_bed":1,"minecraft:carved_pumpkin":3,"minecraft:grass_block":3,"friendsandfoes:oxidized_lightning_rod":1,"iceandfire:frozen_splinters":2,"minecraft:spruce_leaves":2,"minecraft:spawner":9,"minecraft:hay_block":27,"biomesoplenty:tall_lavender":1,"minecraft:iron_ore":33,"minecraft:fire":5,"biomesoplenty:lavender":10,"minecraft:dirt_path":1,"minecraft:iron_bars":2,"minecraft:packed_ice":4,"minecraft:stone":69,"tconstruct:sky_slime_dirt":4,"minecraft:white_wool":3,"tconstruct:sky_slime_tall_grass":1,"minecraft:red_wool":1,"minecraft:powder_snow":3,"minecraft:crafting_table":1,"minecraft:torch":5,"minecraft:oxidized_copper":1,"minecraft:lightning_rod":1,"minecraft:tall_grass":1,"minecraft:oak_planks":2,"minecraft:wall_torch":4,"vampirism:dark_spruce_planks":2,"minecraft:spruce_log":9,"minecraft:jukebox":1,"minecraft:copper_block":1,"minecraft:grass":14,"minecraft:oak_log":13,"minecraft:coal_ore":50,"minecraft:dirt":7,"minecraft:cobweb":1,"minecraft:redstone_lamp":2},"minecraft:crafted":{"minecraft:wooden_sword":1,"minecraft:oak_planks":36,"minecraft:furnace":1,"minecraft:stone_pickaxe":2,"minecraft:chest":1,"minecraft:wheat":189,"minecraft:crafting_table":2,"minecraft:spruce_planks":40,"minecraft:wooden_pickaxe":1,"minecraft:stone_axe":1,"minecraft:bread":63,"minecraft:stick":16,"minecraft:stone_sword":1,"minecraft:white_bed":2,"minecraft:torch":12},"minecraft:custom":{"minecraft:mob_kills":155,"minecraft:interact_with_crafting_table":7,"minecraft:open_barrel":3,"minecraft:interact_with_campfire":24,"minecraft:eat_cake_slice":1,"minecraft:leave_game":3,"minecraft:time_since_death":122664,"minecraft:climb_one_cm":1560,"minecraft:sprint_one_cm":276198,"minecraft:walk_one_cm":360174,"minecraft:drop":157,"minecraft:damage_dealt_absorbed":110,"minecraft:talked_to_villager":2,"minecraft:play_time":200015,"minecraft:deaths":1,"minecraft:sneak_time":8771,"minecraft:walk_under_water_one_cm":67955,"minecraft:interact_with_lectern":6,"minecraft:jump":3227,"minecraft:walk_on_water_one_cm":13643,"minecraft:total_world_time":200015,"minecraft:interact_with_furnace":1,"tombstone:raider_killed":7,"minecraft:play_record":2,"minecraft:tune_noteblock":7,"minecraft:sleep_in_bed":6,"minecraft:time_since_rest":20560,"minecraft:damage_taken":20099,"minecraft:trigger_trapped_chest":1,"minecraft:damage_dealt":6096,"tombstone:cast_on_ally":1,"minecraft:swim_one_cm":449,"minecraft:fly_one_cm":1352912,"minecraft:player_kills":2,"minecraft:open_chest":59,"minecraft:crouch_one_cm":14309,"tombstone:undead_killed":28,"tombstone:villager_killed":29,"minecraft:fall_one_cm":120512}},"DataVersion":3120}