{"stats":{"minecraft:mined":{"minecraft:birch_log":6,"minecraft:birch_leaves":1,"minecraft:oak_leaves":2},"minecraft:picked_up":{"minecraft:birch_log":7,"minecraft:birch_sapling":1},"minecraft:killed_by":{"minecraft:creeper":1,"minecraft:player":1},"minecraft:custom":{"minecraft:time_since_rest":1735,"minecraft:crouch_one_cm":988,"minecraft:sprint_one_cm":18292,"minecraft:play_time":10385,"minecraft:walk_one_cm":18185,"minecraft:damage_taken":873,"minecraft:deaths":2,"minecraft:sneak_time":509,"minecraft:walk_under_water_one_cm":8359,"minecraft:jump":264,"minecraft:damage_dealt":457,"minecraft:leave_game":3,"minecraft:walk_on_water_one_cm":5192,"minecraft:time_since_death":1278,"minecraft:total_world_time":10385,"minecraft:swim_one_cm":31270,"minecraft:fall_one_cm":10782,"minecraft:fly_one_cm":36566,"minecraft:player_kills":1}},"DataVersion":3120}