{"stats":{"minecraft:killed":{"minecraft:sheep":4,"minecraft:skeleton":1,"minecraft:trader_llama":2,"minecraft:chicken":2,"minecraft:spider":1,"minecraft:wandering_trader":1,"minecraft:tropical_fish":8,"minecraft:villager":1},"minecraft:used":{"minecraft:firework_rocket":561,"minecraft:villager_spawn_egg":1,"minecraft:flint_and_steel":15,"minecraft:tnt_minecart":681,"minecraft:chest":1,"minecraft:wooden_pickaxe":20,"minecraft:torch":65,"minecraft:stone_axe":21,"minecraft:rail":20,"minecraft:dirt":21,"minecraft:mutton":5,"minecraft:bow":5,"minecraft:tnt":514,"minecraft:crafting_table":1,"minecraft:furnace":1,"minecraft:cooked_porkchop":2,"minecraft:white_bed":3,"minecraft:egg":1,"minecraft:stone_pressure_plate":1},"minecraft:picked_up":{"minecraft:feather":1,"minecraft:chicken":2,"minecraft:torch":5,"minecraft:oak_log":23,"minecraft:dirt":65,"minecraft:string":1,"minecraft:bone":2,"minecraft:arrow":1,"minecraft:wheat_seeds":1,"minecraft:oak_sapling":4,"minecraft:mutton":7,"minecraft:white_wool":4,"minecraft:cobblestone":20,"minecraft:egg":3},"minecraft:crafted":{"minecraft:oak_planks":80,"minecraft:charcoal":3,"minecraft:cooked_porkchop":6,"minecraft:crafting_table":1,"minecraft:stick":8,"minecraft:wooden_pickaxe":1,"minecraft:chest":1,"minecraft:furnace":1,"minecraft:white_bed":1,"minecraft:torch":12,"minecraft:stone_axe":1,"minecraft:air":0},"minecraft:mined":{"minecraft:torch":4,"minecraft:grass":7,"minecraft:grass_block":7,"minecraft:oak_log":23,"minecraft:dirt":6,"minecraft:tall_grass":1,"minecraft:stone":20,"minecraft:oak_leaves":27,"minecraft:wall_torch":1},"minecraft:killed_by":{"minecraft:spider":1},"minecraft:custom":{"minecraft:time_since_rest":58912,"minecraft:interact_with_furnace":14,"minecraft:sprint_one_cm":57413,"minecraft:damage_taken":660,"minecraft:walk_one_cm":63207,"minecraft:mob_kills":20,"minecraft:drop":7,"minecraft:damage_dealt":1001,"minecraft:talked_to_villager":1,"minecraft:interact_with_crafting_table":16,"minecraft:swim_one_cm":4328,"minecraft:fly_one_cm":605831,"minecraft:open_chest":6,"minecraft:crouch_one_cm":6633,"minecraft:play_time":83616,"minecraft:deaths":2,"minecraft:sneak_time":6371,"minecraft:walk_under_water_one_cm":175997,"minecraft:aviate_one_cm":1652051,"minecraft:jump":836,"minecraft:leave_game":10,"minecraft:time_since_death":62196,"minecraft:walk_on_water_one_cm":14273,"minecraft:sleep_in_bed":1,"minecraft:climb_one_cm":9627,"minecraft:total_world_time":83616,"minecraft:fall_one_cm":19610},"minecraft:dropped":{"minecraft:wheat_seeds":1,"minecraft:tnt":2,"minecraft:cooked_porkchop":2,"minecraft:bow":1,"minecraft:rail":1}},"DataVersion":3120}