{"stats":{"minecraft:dropped":{"minecraft:golden_boots":1,"minecraft:wheat_seeds":1,"minecraft:cooked_beef":1,"minecraft:oak_log":4,"minecraft:baked_potato":2,"minecraft:cooked_porkchop":6,"cataclysm:the_incinerator":1,"biomesoplenty:lavender":9,"cgm:mini_gun":1,"naturalist:glow_goop":1,"minecraft:coal":1,"vampirism:hunter_coat_feet_ultimate":1,"minecraft:cod":1,"minecraft:flint":9,"tconstruct:materials_and_you":1,"beyond_earth:space_helmet":1,"minecraft:torch":6,"minecraft:wooden_sword":2,"minecraft:white_wool":6,"minecraft:spruce_sapling":1,"beyond_earth:space_suit":1,"minecraft:stone_axe":1,"hexerei:animal_fat":5,"hexerei:sage_seed":3,"croptopia:toast":81,"minecraft:stone_sword":1,"minecraft:raw_iron":5,"minecraft:oak_planks":11,"minecraft:carrot":3,"minecraft:flint_and_steel":1,"minecraft:potato":3,"croptopia:roe":2,"minecraft:white_dye":2,"minecraft:iron_bars":2,"minecraft:stone_pickaxe":1},"minecraft:used":{"minecraft:stone_sword":29,"minecraft:flint_and_steel":8,"minecraft:carved_pumpkin":1,"minecraft:chest":1,"minecraft:spruce_planks":8,"minecraft:iron_sword":50,"minecraft:torch":27,"minecraft:dirt":4,"witherstormmod:formidibomb":7,"tombstone:gift":6,"comforts:sleeping_bag_white":1,"minecraft:cooked_beef":10,"minecraft:cooked_mutton":5,"minecraft:baked_potato":2,"minecraft:stone_pickaxe":132,"minecraft:oak_planks":10,"minecraft:wooden_pickaxe":39,"minecraft:crafting_table":3,"minecraft:white_bed":3,"iceandfire:frozen_splinters":2,"minecraft:bread":5,"minecraft:stone_axe":21,"croptopia:toast":51,"minecraft:wooden_sword":52,"minecraft:cobblestone":9,"minecraft:chainmail_boots":1,"minecraft:cooked_porkchop":1,"cgm:mini_gun":379,"minecraft:jukebox":1},"minecraft:broken":{"minecraft:stone_pickaxe":1},"minecraft:killed_by":{"minecraft:player":1},"minecraft:picked_up":{"minecraft:crafting_table":1,"minecraft:enchanted_book":1,"minecraft:string":6,"iceandfire:frozen_splinters":2,"minecraft:wooden_sword":2,"comforts:sleeping_bag_white":1,"minecraft:beef":12,"minecraft:spruce_slab":2,"minecraft:stripped_crimson_hyphae":1,"iceandfire:pixie_dust":1,"minecraft:stick":3,"minecraft:raw_iron":33,"minecraft:jukebox":1,"minecraft:torch":15,"minecraft:porkchop":7,"minecraft:white_dye":2,"tconstruct:sky_slime_dirt":4,"tombstone:grave_dust":1,"minecraft:carrot":3,"hexerei:sage_seed":3,"minecraft:tnt":4,"minecraft:rotten_flesh":5,"minecraft:arrow":4,"minecraft:carved_pumpkin":1,"minecraft:mutton":5,"minecraft:iron_bars":2,"minecraft:cod":1,"minecraft:nautilus_shell":2,"minecraft:white_wool":13,"minecraft:cobblestone":58,"biomesoplenty:lavender":9,"minecraft:cooked_beef":10,"minecraft:leather":3,"minecraft:potato":3,"paraglider:spirit_orb":2,"minecraft:oak_log":13,"minecraft:dirt":11,"tombstone:gift":2,"naturalist:glow_goop":1,"minecraft:cooked_mutton":5,"minecraft:wheat_seeds":2,"croptopia:roe":2,"minecraft:oak_planks":2,"hexerei:animal_fat":5,"minecraft:cooked_porkchop":7,"minecraft:red_wool":1,"minecraft:spruce_sapling":1,"minecraft:white_bed":1,"minecraft:spruce_log":10,"minecraft:bread":1,"minecraft:coal":49},"minecraft:killed":{"alexsmobs:blobfish":2,"minecraft:spider":7,"minecraft:vindicator":2,"tconstruct:sky_slime":3,"minecraft:cod":3,"minecraft:skeleton":8,"minecraft:chicken":3,"alexsmobs:comb_jelly":8,"creeperoverhaul:cave_creeper":1,"minecraft:drowned":5,"cataclysm:lionfish":1,"alexsmobs:frilled_shark":2,"iceandfire:hippocampus":1,"cataclysm:deepling_angler":1,"laendli_transport:slabcrab":2,"minecraft:pig":3,"naturalist:firefly":2,"minecraft:salmon":9,"minecraft:bat":1,"minecraft:creeper":3,"minecraft:squid":4,"vampirism:hunter":1,"minecraft:sheep":9,"laendli_transport:crab":8,"minecraft:zombie":11,"alexsmobs:cockroach":1,"alexsmobs:cachalot_whale":1,"cataclysm:deepling":2,"minecraft:stray":1,"iceandfire:ice_dragon":2,"iceandfire:pixie":1,"minecraft:glow_squid":2,"minecraft:villager":29,"minecraft:cow":6},"minecraft:mined":{"minecraft:spruce_planks":1,"minecraft:white_bed":1,"minecraft:carved_pumpkin":1,"minecraft:grass_block":3,"iceandfire:frozen_splinters":2,"minecraft:spruce_leaves":2,"minecraft:spawner":9,"biomesoplenty:tall_lavender":1,"minecraft:iron_ore":33,"minecraft:fire":5,"biomesoplenty:lavender":8,"minecraft:iron_bars":2,"minecraft:packed_ice":4,"minecraft:stone":69,"tconstruct:sky_slime_dirt":4,"minecraft:white_wool":3,"tconstruct:sky_slime_tall_grass":1,"minecraft:red_wool":1,"minecraft:powder_snow":3,"minecraft:crafting_table":1,"minecraft:torch":5,"minecraft:oak_planks":2,"minecraft:wall_torch":4,"vampirism:dark_spruce_planks":2,"minecraft:spruce_log":9,"minecraft:jukebox":1,"minecraft:grass":11,"minecraft:oak_log":13,"minecraft:coal_ore":50,"minecraft:dirt":7},"minecraft:crafted":{"minecraft:wooden_sword":1,"minecraft:oak_planks":36,"minecraft:stone_pickaxe":1,"minecraft:chest":1,"minecraft:crafting_table":2,"minecraft:spruce_planks":40,"minecraft:wooden_pickaxe":1,"minecraft:stone_axe":1,"minecraft:stick":16,"minecraft:stone_sword":1,"minecraft:white_bed":2,"minecraft:torch":12},"minecraft:custom":{"minecraft:mob_kills":147,"minecraft:interact_with_crafting_table":4,"minecraft:open_barrel":2,"minecraft:interact_with_campfire":24,"minecraft:eat_cake_slice":1,"minecraft:leave_game":3,"minecraft:time_since_death":74956,"minecraft:climb_one_cm":1300,"minecraft:sprint_one_cm":188607,"minecraft:walk_one_cm":251196,"minecraft:drop":122,"minecraft:damage_dealt_absorbed":110,"minecraft:talked_to_villager":1,"minecraft:play_time":152307,"minecraft:deaths":1,"minecraft:sneak_time":7951,"minecraft:walk_under_water_one_cm":67955,"minecraft:interact_with_lectern":6,"minecraft:jump":2355,"minecraft:walk_on_water_one_cm":13643,"minecraft:total_world_time":152307,"tombstone:raider_killed":7,"minecraft:tune_noteblock":7,"minecraft:sleep_in_bed":4,"minecraft:time_since_rest":7751,"minecraft:damage_taken":19097,"minecraft:trigger_trapped_chest":1,"minecraft:damage_dealt":5316,"tombstone:cast_on_ally":1,"minecraft:swim_one_cm":449,"minecraft:fly_one_cm":1099064,"minecraft:player_kills":2,"minecraft:open_chest":49,"minecraft:crouch_one_cm":11191,"tombstone:undead_killed":25,"tombstone:villager_killed":29,"minecraft:fall_one_cm":84652}},"DataVersion":3120}