{"stats":{"minecraft:killed_by":{"minecraft:zombie":2},"minecraft:dropped":{"minecraft:bread":13,"croptopia:toast":2,"minecraft:crafting_table":1,"minecraft:cooked_porkchop":4,"camera:image_frame":1,"camera:image":5,"minecraft:oak_planks":1,"minecraft:snow":2,"camera:camera":1,"iwannaskate:skateboard":1,"naturalist:cooked_egg":1},"minecraft:picked_up":{"minecraft:crafting_table":2,"minecraft:lilac":1,"minecraft:oak_log":10,"naturalist:cooked_egg":1,"minecraft:dirt":10,"minecraft:snow":2,"minecraft:cooked_mutton":1,"minecraft:apple":3,"iceandfire:pixie_jar_empty":1,"iwannaskate:skateboard":4,"minecraft:fletching_table":1,"camera:image":1,"iceandfire:fire_dragon_flesh":3,"minecraft:egg":1,"minecraft:stick":4,"iceandfire:dragonbone":8,"iceandfire:dragonscales_green":29,"minecraft:cooked_porkchop":4,"iceandfire:dragon_skull_fire":1,"minecraft:white_dye":2,"minecraft:white_bed":4,"minecraft:arrow":2,"minecraft:cooked_cod":1,"minecraft:hay_block":30,"iceandfire:fire_dragon_heart":1,"minecraft:oak_sapling":9,"minecraft:cobblestone":57,"minecraft:cod":1,"minecraft:nautilus_shell":2,"croptopia:toast":44},"minecraft:mined":{"iceandfire:pixie_jar_empty":1,"minecraft:white_bed":4,"minecraft:oak_sapling":1,"minecraft:crafting_table":1,"biomesoplenty:bush":5,"minecraft:grass_block":2,"minecraft:hay_block":30,"minecraft:lilac":1,"minecraft:fletching_table":1,"minecraft:grass":2,"minecraft:oak_log":10,"minecraft:dirt":7,"minecraft:stone":57,"minecraft:oak_leaves":81},"minecraft:crafted":{"minecraft:oak_planks":40,"minecraft:crafting_table":1,"minecraft:wooden_pickaxe":1,"minecraft:stone_axe":1,"minecraft:bread":75,"minecraft:stick":8,"minecraft:stone_pickaxe":1,"minecraft:stone_sword":1,"minecraft:wheat":225},"minecraft:broken":{"minecraft:wooden_pickaxe":1},"minecraft:killed":{"minecraft:giant":1,"minecraft:zombie":2,"iceandfire:fire_dragon":1,"laendli_transport:boat_1animated":3},"minecraft:custom":{"minecraft:mob_kills":44,"minecraft:interact_with_crafting_table":4,"minecraft:interact_with_campfire":56,"minecraft:leave_game":6,"minecraft:time_since_death":11572,"minecraft:sleep_in_bed":2,"minecraft:climb_one_cm":906,"minecraft:time_since_rest":10192,"minecraft:sprint_one_cm":71152,"minecraft:damage_taken":1250,"minecraft:walk_one_cm":118859,"minecraft:drop":32,"minecraft:damage_dealt":2539,"minecraft:damage_dealt_absorbed":5915,"minecraft:swim_one_cm":146,"minecraft:fly_one_cm":486470,"minecraft:open_chest":7,"minecraft:crouch_one_cm":6740,"minecraft:deaths":2,"minecraft:play_time":79263,"tombstone:undead_killed":2,"minecraft:sneak_time":3621,"minecraft:walk_under_water_one_cm":6549,"minecraft:boat_one_cm":307,"minecraft:jump":924,"minecraft:walk_on_water_one_cm":2913,"minecraft:total_world_time":79263,"minecraft:fall_one_cm":15924},"minecraft:used":{"camera:image_frame":5,"additionalguns:usas12":70,"cgm:pistol":6,"minecraft:ladder":4,"minecraft:oak_planks":2,"minecraft:wooden_pickaxe":59,"minecraft:zombie_spawn_egg":1,"minecraft:skeleton_spawn_egg":2,"minecraft:crafting_table":2,"minecraft:white_bed":4,"modernlife:road_marker":6,"minecraft:apple":1,"iwannaskate:skateboard":3,"hexerei:witch_hazel_broom":1,"minecraft:bread":13,"croptopia:toast":2,"minecraft:hay_block":5,"minecraft:oak_sapling":9,"minecraft:oak_boat":1,"cgm:mini_gun":164,"minecraft:cobweb":1}},"DataVersion":3120}