{"stats":{"minecraft:killed_by":{"minecraft:zombie":1},"minecraft:dropped":{"minecraft:snow":2,"camera:image_frame":1,"camera:image":5,"camera:camera":1,"minecraft:oak_planks":1,"iwannaskate:skateboard":1},"minecraft:picked_up":{"iceandfire:dragonscales_green":29,"iceandfire:dragonbone":8,"iceandfire:dragon_skull_fire":1,"minecraft:snow":2,"minecraft:arrow":2,"iceandfire:fire_dragon_heart":1,"iwannaskate:skateboard":4,"camera:image":1,"iceandfire:fire_dragon_flesh":3},"minecraft:killed":{"minecraft:zombie":2,"iceandfire:fire_dragon":1,"minecraft:giant":1,"laendli_transport:boat_1animated":3},"minecraft:custom":{"minecraft:time_since_rest":46803,"minecraft:sprint_one_cm":24928,"minecraft:damage_taken":260,"minecraft:walk_one_cm":55856,"minecraft:mob_kills":44,"minecraft:drop":11,"minecraft:damage_dealt":2117,"minecraft:damage_dealt_absorbed":5915,"minecraft:swim_one_cm":146,"minecraft:fly_one_cm":377360,"minecraft:crouch_one_cm":1037,"minecraft:play_time":55263,"tombstone:undead_killed":2,"minecraft:deaths":1,"minecraft:sneak_time":815,"minecraft:walk_under_water_one_cm":6549,"minecraft:boat_one_cm":307,"minecraft:jump":336,"minecraft:walk_on_water_one_cm":1966,"minecraft:leave_game":6,"minecraft:time_since_death":49202,"minecraft:climb_one_cm":384,"minecraft:total_world_time":55263,"minecraft:fall_one_cm":894},"minecraft:used":{"camera:image_frame":5,"additionalguns:usas12":70,"iwannaskate:skateboard":3,"hexerei:witch_hazel_broom":1,"cgm:pistol":6,"minecraft:oak_planks":2,"minecraft:ladder":4,"minecraft:zombie_spawn_egg":1,"minecraft:skeleton_spawn_egg":2,"minecraft:oak_boat":1,"modernlife:road_marker":6,"cgm:mini_gun":164}},"DataVersion":3120}