{"stats":{"minecraft:killed":{"minecraft:sheep":4,"minecraft:chicken":2,"minecraft:spider":1},"minecraft:used":{"minecraft:chest":1,"minecraft:wooden_pickaxe":20,"minecraft:torch":10,"minecraft:stone_axe":17,"minecraft:dirt":21,"minecraft:mutton":5,"minecraft:crafting_table":1,"minecraft:furnace":1,"minecraft:white_bed":1,"minecraft:egg":1},"minecraft:picked_up":{"minecraft:feather":1,"minecraft:chicken":2,"minecraft:torch":4,"minecraft:oak_log":23,"minecraft:string":1,"minecraft:dirt":33,"minecraft:wheat_seeds":1,"minecraft:oak_sapling":4,"minecraft:mutton":7,"minecraft:white_wool":4,"minecraft:cobblestone":20,"minecraft:egg":3},"minecraft:crafted":{"minecraft:oak_planks":80,"minecraft:charcoal":3,"minecraft:crafting_table":1,"minecraft:stick":8,"minecraft:wooden_pickaxe":1,"minecraft:chest":1,"minecraft:furnace":1,"minecraft:white_bed":1,"minecraft:torch":12,"minecraft:stone_axe":1,"minecraft:air":0},"minecraft:mined":{"minecraft:torch":4,"minecraft:grass":7,"minecraft:grass_block":7,"minecraft:oak_log":23,"minecraft:dirt":6,"minecraft:tall_grass":1,"minecraft:stone":20,"minecraft:oak_leaves":27},"minecraft:killed_by":{"minecraft:spider":1},"minecraft:custom":{"minecraft:time_since_rest":12657,"minecraft:interact_with_furnace":6,"minecraft:sprint_one_cm":48493,"minecraft:damage_taken":580,"minecraft:walk_one_cm":35495,"minecraft:mob_kills":7,"minecraft:drop":1,"minecraft:damage_dealt":691,"minecraft:interact_with_crafting_table":16,"minecraft:swim_one_cm":3515,"minecraft:fly_one_cm":126438,"minecraft:open_chest":4,"minecraft:crouch_one_cm":2145,"minecraft:play_time":37361,"minecraft:deaths":2,"minecraft:sneak_time":1547,"minecraft:walk_under_water_one_cm":1854,"minecraft:jump":669,"minecraft:leave_game":9,"minecraft:time_since_death":15941,"minecraft:walk_on_water_one_cm":6345,"minecraft:sleep_in_bed":1,"minecraft:climb_one_cm":8909,"minecraft:total_world_time":37361,"minecraft:fall_one_cm":18590},"minecraft:dropped":{"minecraft:wheat_seeds":1}},"DataVersion":3120}