{"stats":{"minecraft:killed":{"minecraft:sheep":3,"minecraft:spider":1},"minecraft:used":{"minecraft:dirt":12,"minecraft:mutton":5,"minecraft:crafting_table":1,"minecraft:white_bed":1,"minecraft:egg":1},"minecraft:picked_up":{"minecraft:oak_log":10,"minecraft:string":1,"minecraft:dirt":29,"minecraft:wheat_seeds":1,"minecraft:oak_sapling":1,"minecraft:mutton":5,"minecraft:white_wool":3,"minecraft:egg":1},"minecraft:crafted":{"minecraft:oak_planks":40,"minecraft:crafting_table":1,"minecraft:stick":4,"minecraft:white_bed":1},"minecraft:mined":{"minecraft:grass":7,"minecraft:grass_block":7,"minecraft:oak_log":10,"minecraft:dirt":2,"minecraft:tall_grass":1,"minecraft:oak_leaves":22},"minecraft:killed_by":{"minecraft:spider":1},"minecraft:custom":{"minecraft:time_since_rest":1983,"minecraft:sprint_one_cm":38382,"minecraft:damage_taken":580,"minecraft:walk_one_cm":25396,"minecraft:mob_kills":4,"minecraft:drop":1,"minecraft:damage_dealt":531,"minecraft:swim_one_cm":3515,"minecraft:interact_with_crafting_table":4,"minecraft:fly_one_cm":114494,"minecraft:crouch_one_cm":960,"minecraft:play_time":26687,"minecraft:deaths":2,"minecraft:sneak_time":966,"minecraft:walk_under_water_one_cm":1854,"minecraft:jump":540,"minecraft:leave_game":6,"minecraft:walk_on_water_one_cm":4295,"minecraft:time_since_death":5267,"minecraft:sleep_in_bed":1,"minecraft:total_world_time":26687,"minecraft:climb_one_cm":3985,"minecraft:fall_one_cm":16451},"minecraft:dropped":{"minecraft:wheat_seeds":1}},"DataVersion":3120}