{"stats":{"minecraft:killed_by":{"minecraft:zombie":1},"minecraft:dropped":{"minecraft:bread":13,"minecraft:snow":2,"minecraft:crafting_table":1,"camera:image_frame":1,"camera:image":5,"camera:camera":1,"minecraft:oak_planks":1,"iwannaskate:skateboard":1},"minecraft:picked_up":{"minecraft:stick":2,"minecraft:crafting_table":2,"iceandfire:dragonscales_green":29,"iceandfire:dragonbone":8,"iceandfire:dragon_skull_fire":1,"minecraft:white_dye":2,"minecraft:oak_log":4,"minecraft:white_bed":3,"minecraft:snow":2,"minecraft:arrow":2,"iceandfire:pixie_jar_empty":1,"minecraft:hay_block":30,"iceandfire:fire_dragon_heart":1,"iwannaskate:skateboard":4,"minecraft:fletching_table":1,"camera:image":1,"minecraft:cod":1,"iceandfire:fire_dragon_flesh":3,"minecraft:egg":1,"minecraft:nautilus_shell":2},"minecraft:mined":{"iceandfire:pixie_jar_empty":1,"minecraft:hay_block":30,"minecraft:white_bed":3,"minecraft:fletching_table":1,"minecraft:crafting_table":1,"minecraft:grass":2,"minecraft:oak_log":4,"minecraft:oak_leaves":8},"minecraft:crafted":{"minecraft:oak_planks":4,"minecraft:crafting_table":1,"minecraft:bread":75,"minecraft:wheat":225},"minecraft:killed":{"minecraft:zombie":2,"iceandfire:fire_dragon":1,"minecraft:giant":1,"laendli_transport:boat_1animated":3},"minecraft:custom":{"minecraft:time_since_rest":7134,"minecraft:sprint_one_cm":56114,"minecraft:damage_taken":860,"minecraft:walk_one_cm":93131,"minecraft:mob_kills":44,"minecraft:drop":25,"minecraft:damage_dealt":2501,"minecraft:damage_dealt_absorbed":5915,"minecraft:swim_one_cm":146,"minecraft:interact_with_crafting_table":1,"minecraft:fly_one_cm":450222,"minecraft:open_chest":6,"minecraft:crouch_one_cm":3716,"minecraft:interact_with_campfire":4,"minecraft:play_time":67263,"tombstone:undead_killed":2,"minecraft:deaths":1,"minecraft:sneak_time":1812,"minecraft:walk_under_water_one_cm":6549,"minecraft:boat_one_cm":307,"minecraft:jump":692,"minecraft:sleep_in_bed":1,"minecraft:walk_on_water_one_cm":2341,"minecraft:leave_game":6,"minecraft:time_since_death":61202,"minecraft:climb_one_cm":906,"minecraft:total_world_time":67263,"minecraft:fall_one_cm":10819},"minecraft:used":{"camera:image_frame":5,"additionalguns:usas12":70,"iwannaskate:skateboard":3,"minecraft:bread":13,"hexerei:witch_hazel_broom":1,"cgm:pistol":6,"minecraft:oak_planks":2,"minecraft:ladder":4,"minecraft:zombie_spawn_egg":1,"minecraft:skeleton_spawn_egg":2,"minecraft:hay_block":5,"minecraft:crafting_table":1,"minecraft:white_bed":1,"minecraft:oak_boat":1,"modernlife:road_marker":6,"cgm:mini_gun":164,"minecraft:cobweb":1}},"DataVersion":3120}