{"stats":{"minecraft:used":{"minecraft:dirt":6},"minecraft:picked_up":{"minecraft:wheat_seeds":1,"minecraft:dirt":6},"minecraft:mined":{"minecraft:grass":6,"minecraft:grass_block":5,"minecraft:dirt":1},"minecraft:killed_by":{"minecraft:spider":1},"minecraft:custom":{"minecraft:time_since_rest":4563,"minecraft:crouch_one_cm":702,"minecraft:sprint_one_cm":19288,"minecraft:play_time":9882,"minecraft:deaths":1,"minecraft:damage_taken":220,"minecraft:walk_one_cm":9205,"minecraft:sneak_time":213,"minecraft:drop":1,"minecraft:jump":242,"minecraft:damage_dealt":60,"minecraft:leave_game":4,"minecraft:walk_on_water_one_cm":766,"minecraft:time_since_death":4530,"minecraft:climb_one_cm":930,"minecraft:total_world_time":9882,"minecraft:fall_one_cm":5487,"minecraft:fly_one_cm":59367},"minecraft:dropped":{"minecraft:wheat_seeds":1}},"DataVersion":3120}