{"stats":{"minecraft:killed_by":{"minecraft:zombie":4},"minecraft:dropped":{"minecraft:bread":13,"hexerei:sage_seed":4,"minecraft:wheat_seeds":2,"croptopia:toast":2,"minecraft:crafting_table":1,"minecraft:cooked_porkchop":4,"camera:image_frame":1,"camera:image":5,"minecraft:oak_planks":1,"minecraft:apple":1,"minecraft:stick":2,"minecraft:snow":2,"minecraft:dirt":3,"minecraft:allium":5,"tconstruct:materials_and_you":1,"beyond_earth:space_helmet":1,"minecraft:oak_sapling":1,"camera:camera":1,"minecraft:gold_nugget":19,"beyond_earth:space_boots":1,"minecraft:white_dye":4,"beyond_earth:rocket":2,"iwannaskate:skateboard":1,"iceandfire:manuscript":36,"beyond_earth:space_suit":1,"beyond_earth:space_pants":1,"naturalist:cooked_egg":1},"minecraft:picked_up":{"minecraft:nautilus_shell":2,"minecraft:crafting_table":2,"minecraft:allium":5,"minecraft:lilac":1,"beyond_earth:space_suit":1,"minecraft:oak_log":14,"naturalist:cooked_egg":1,"minecraft:dirt":12,"minecraft:snow":2,"minecraft:cooked_mutton":1,"minecraft:apple":4,"iceandfire:pixie_jar_empty":1,"minecraft:wheat_seeds":2,"minecraft:gold_nugget":532,"iwannaskate:skateboard":4,"minecraft:fletching_table":1,"camera:image":1,"iceandfire:fire_dragon_flesh":3,"minecraft:egg":1,"minecraft:stick":6,"iceandfire:dragonbone":8,"iceandfire:dragonscales_green":29,"minecraft:cooked_porkchop":4,"minecraft:torch":1,"beyond_earth:space_pants":1,"iceandfire:dragon_skull_fire":1,"minecraft:white_dye":4,"beyond_earth:space_boots":2,"minecraft:white_bed":4,"hexerei:sage_seed":3,"beyond_earth:rocket":4,"minecraft:arrow":2,"minecraft:cooked_cod":1,"beyond_earth:space_helmet":1,"minecraft:hay_block":30,"iceandfire:fire_dragon_heart":1,"minecraft:oak_sapling":11,"minecraft:cod":1,"minecraft:coal":1,"minecraft:cobblestone":58,"croptopia:toast":44},"minecraft:mined":{"minecraft:white_bed":4,"minecraft:oak_sapling":1,"minecraft:crafting_table":1,"minecraft:torch":1,"biomesoplenty:bush":5,"minecraft:grass_block":4,"minecraft:hay_block":30,"minecraft:lilac":1,"minecraft:fletching_table":1,"minecraft:grass":2,"minecraft:oak_log":14,"minecraft:coal_ore":1,"iceandfire:gold_pile":56,"minecraft:dirt":7,"minecraft:stone":58,"iceandfire:pixie_jar_empty":1,"minecraft:oak_leaves":87},"minecraft:crafted":{"minecraft:oak_planks":40,"minecraft:crafting_table":1,"minecraft:wooden_pickaxe":1,"minecraft:stone_axe":1,"minecraft:bread":75,"minecraft:stick":8,"minecraft:stone_pickaxe":1,"minecraft:stone_sword":1,"minecraft:gold_ingot":60,"minecraft:torch":4,"minecraft:wheat":225},"minecraft:broken":{"minecraft:wooden_pickaxe":1},"minecraft:killed":{"minecraft:giant":1,"iceandfire:fire_dragon":1,"minecraft:zombie":2,"laendli_transport:boat_1animated":3},"minecraft:custom":{"minecraft:mob_kills":45,"minecraft:interact_with_crafting_table":6,"minecraft:interact_with_campfire":56,"minecraft:leave_game":8,"minecraft:time_since_death":7948,"minecraft:sleep_in_bed":2,"minecraft:climb_one_cm":906,"minecraft:damage_resisted":1856,"minecraft:time_since_rest":7695,"minecraft:sprint_one_cm":107938,"minecraft:damage_taken":2499,"minecraft:walk_one_cm":151817,"minecraft:drop":60,"minecraft:damage_dealt":2622,"minecraft:damage_dealt_absorbed":8909,"minecraft:swim_one_cm":146,"minecraft:fly_one_cm":584425,"minecraft:play_time":102450,"minecraft:crouch_one_cm":10877,"minecraft:open_chest":21,"minecraft:sneak_time":4698,"tombstone:undead_killed":2,"minecraft:deaths":4,"minecraft:walk_under_water_one_cm":6549,"minecraft:boat_one_cm":307,"minecraft:jump":1460,"minecraft:walk_on_water_one_cm":2913,"minecraft:fall_one_cm":35805,"minecraft:total_world_time":102450},"minecraft:used":{"minecraft:cooked_mutton":1,"camera:image_frame":5,"additionalguns:usas12":70,"beyond_earth:oxygen_bubble_distributor":1,"cgm:pistol":6,"minecraft:stone_pickaxe":27,"minecraft:ladder":4,"minecraft:oak_planks":2,"minecraft:chest":1,"minecraft:wooden_pickaxe":59,"minecraft:iron_sword":47,"minecraft:zombie_spawn_egg":1,"minecraft:torch":5,"minecraft:dirt":1,"minecraft:skeleton_spawn_egg":2,"minecraft:crafting_table":2,"minecraft:white_bed":4,"modernlife:road_marker":6,"minecraft:apple":2,"iwannaskate:skateboard":3,"minecraft:bread":13,"hexerei:witch_hazel_broom":1,"croptopia:toast":8,"beyond_earth:rocket_launch_pad":21,"minecraft:hay_block":5,"minecraft:oak_sapling":9,"minecraft:cooked_cod":1,"beyond_earth:rocket":4,"minecraft:oak_boat":1,"alexsmobs:animal_dictionary":1,"minecraft:cobweb":1,"cgm:mini_gun":164}},"DataVersion":3120}