{"stats":{"minecraft:crafted":{"minecraft:stone_sword":1,"minecraft:wooden_sword":1,"minecraft:oak_planks":44,"minecraft:crafting_table":1,"minecraft:stick":16,"minecraft:wooden_pickaxe":1,"minecraft:stone_pickaxe":1},"minecraft:broken":{"minecraft:wooden_pickaxe":1},"minecraft:used":{"minecraft:stone_sword":1,"minecraft:crafting_table":1,"minecraft:oak_sapling":1,"minecraft:stone_pickaxe":25,"minecraft:wooden_pickaxe":52},"minecraft:mined":{"minecraft:coal_ore":19,"minecraft:oak_log":11,"minecraft:stone":51},"minecraft:dropped":{"minecraft:cobblestone":5},"minecraft:picked_up":{"minecraft:oak_log":11,"minecraft:oak_sapling":1,"minecraft:coal":19,"minecraft:cobblestone":50},"minecraft:custom":{"minecraft:time_since_rest":6729,"minecraft:crouch_one_cm":3093,"minecraft:play_time":6729,"minecraft:sprint_one_cm":12329,"minecraft:damage_taken":116,"minecraft:walk_one_cm":11958,"minecraft:sneak_time":846,"minecraft:drop":5,"minecraft:jump":169,"minecraft:damage_dealt":90,"minecraft:time_since_death":6729,"minecraft:total_world_time":6729,"minecraft:player_kills":1,"minecraft:interact_with_crafting_table":5,"minecraft:fall_one_cm":6529,"minecraft:fly_one_cm":39129}},"DataVersion":3120}