{"stats":{"minecraft:killed_by":{"minecraft:zombie":1},"minecraft:dropped":{"hexerei:animal_fat":2,"hexerei:sage_seed":1,"minecraft:cod":1},"minecraft:picked_up":{"croptopia:toast":7,"hexerei:animal_fat":4,"minecraft:stick":3,"minecraft:crafting_table":1,"minecraft:feather":4,"minecraft:chicken":2,"minecraft:cooked_porkchop":4,"minecraft:leather":5,"minecraft:dandelion":1,"beyond_earth:space_boots":1,"minecraft:oak_log":9,"minecraft:white_bed":1,"naturalist:cooked_egg":1,"minecraft:heavy_weighted_pressure_plate":1,"minecraft:dirt":13,"hexerei:sage_seed":2,"minecraft:cooked_mutton":3,"minecraft:apple":1,"minecraft:cooked_cod":1,"minecraft:light_blue_wool":3,"minecraft:wheat_seeds":1,"minecraft:hay_block":9,"minecraft:beef":5,"iwannaskate:skateboard":1,"minecraft:bread":13,"minecraft:oak_sapling":1,"minecraft:cod":2,"minecraft:mutton":3,"minecraft:honeycomb":3,"minecraft:spruce_trapdoor":5,"minecraft:white_wool":7},"minecraft:mined":{"minecraft:hay_block":9,"minecraft:white_bed":1,"minecraft:light_blue_wool":1,"minecraft:crafting_table":1,"minecraft:spruce_trapdoor":3,"minecraft:oak_log":4,"minecraft:oak_leaves":18},"minecraft:crafted":{"minecraft:wooden_sword":1,"minecraft:oak_planks":36,"minecraft:crafting_table":1,"minecraft:stick":8,"minecraft:wooden_pickaxe":1,"minecraft:wooden_axe":1},"minecraft:killed":{"minecraft:sheep":2,"minecraft:horse":1,"minecraft:witch":1,"alexsmobs:terrapin":1,"minecraft:chicken":2,"minecraft:cow":2},"minecraft:custom":{"minecraft:time_since_rest":8129,"minecraft:sprint_one_cm":63386,"minecraft:damage_taken":994,"minecraft:walk_one_cm":84690,"minecraft:mob_kills":10,"minecraft:drop":4,"tombstone:raider_killed":1,"minecraft:damage_dealt":1347,"minecraft:damage_dealt_absorbed":26,"minecraft:interact_with_crafting_table":4,"minecraft:swim_one_cm":568,"minecraft:fly_one_cm":158586,"minecraft:open_chest":9,"minecraft:crouch_one_cm":3789,"minecraft:play_time":54148,"minecraft:interact_with_campfire":4,"minecraft:deaths":2,"minecraft:sneak_time":1425,"minecraft:walk_under_water_one_cm":737,"minecraft:jump":726,"minecraft:leave_game":2,"minecraft:time_since_death":8385,"minecraft:walk_on_water_one_cm":3005,"minecraft:fall_one_cm":21940,"minecraft:total_world_time":54148,"minecraft:climb_one_cm":570,"minecraft:damage_resisted":96},"minecraft:used":{"minecraft:apple":1,"iwannaskate:skateboard":1,"minecraft:bread":7,"minecraft:wooden_pickaxe":1,"minecraft:spruce_trapdoor":4,"minecraft:white_wool":10,"minecraft:wooden_sword":28,"minecraft:dirt":24,"minecraft:crafting_table":1,"minecraft:oak_sapling":2,"minecraft:cooked_cod":1,"minecraft:light_blue_wool":4,"tombstone:gift":1,"minecraft:potato":8,"minecraft:wooden_axe":15}},"DataVersion":3120}