{"stats":{"minecraft:dropped":{"minecraft:compass":1,"alexsmobs:animal_dictionary":1,"minecraft:glass_bottle":3,"minecraft:cracked_stone_bricks":8,"galosphere:silver_nugget":4,"paraglider:spirit_orb":2,"minecraft:music_disc_13":1,"minecraft:gunpowder":1,"tconstruct:materials_and_you":1,"tombstone:grave_dust":1,"minecraft:wooden_sword":2,"minecraft:stone_bricks":20,"minecraft:arrow":5,"minecraft:wooden_pickaxe":1,"minecraft:fermented_spider_eye":1,"minecraft:brick":6},"minecraft:used":{"minecraft:stone_sword":34,"minecraft:flint_and_steel":64,"minecraft:stone_pickaxe":32,"minecraft:iron_sword":10,"minecraft:cauldron":1,"minecraft:leather_boots":1,"minecraft:torch":24,"tombstone:scroll_of_preservation":1,"minecraft:dirt":1,"minecraft:tnt":1,"minecraft:crafting_table":1,"tconstruct:sky_slime_dirt":3,"minecraft:apple":6,"minecraft:bread":5,"minecraft:iron_pickaxe":4,"croptopia:toast":25,"minecraft:stone_axe":5,"minecraft:wooden_sword":6,"minecraft:potion":3,"minecraft:cobblestone":7,"tombstone:gift":1,"minecraft:cooked_beef":3,"minecraft:potato":13},"minecraft:broken":{"beyond_earth:space_suit":1,"beyond_earth:space_helmet":1,"minecraft:flint_and_steel":1},"minecraft:picked_up":{"croptopia:toast":40,"minecraft:lime_bed":1,"minecraft:crafting_table":2,"minecraft:cooked_beef":1,"minecraft:salmon":3,"beyond_earth:space_suit":1,"minecraft:wooden_pickaxe":2,"paraglider:spirit_orb":6,"minecraft:potion":1,"minecraft:flint":2,"minecraft:oak_log":4,"minecraft:brick":6,"minecraft:gunpowder":1,"minecraft:dirt":1,"minecraft:wooden_sword":2,"minecraft:leather_boots":1,"minecraft:bone":7,"minecraft:stone_bricks":20,"minecraft:cracked_stone_bricks":8,"minecraft:stone_pickaxe":1,"minecraft:mossy_stone_bricks":1,"minecraft:glass_bottle":6,"minecraft:chest":2,"minecraft:iron_sword":1,"minecraft:stick":6,"minecraft:raw_iron":5,"minecraft:music_disc_13":1,"minecraft:torch":24,"iceandfire:silver_ore":3,"tconstruct:sky_slime_dirt":3,"tombstone:grave_dust":1,"minecraft:fermented_spider_eye":1,"galosphere:silver_nugget":4,"minecraft:stone_sword":1,"minecraft:arrow":6,"minecraft:stone_axe":1,"beyond_earth:space_helmet":1,"minecraft:golden_apple":1,"minecraft:emerald":3,"cataclysm:the_incinerator":1,"minecraft:cod":2,"minecraft:iron_bars":3,"minecraft:coal":3,"minecraft:cobblestone":7},"minecraft:killed":{"laendli_transport:slabcrab":1,"minecraft:vindicator":4,"tconstruct:sky_slime":1,"minecraft:skeleton":5,"minecraft:pillager":1,"iceandfire:ghost":1,"minecraft:stray":3,"alexsmobs:comb_jelly":1},"minecraft:mined":{"iceandfire:silver_ore":3,"minecraft:crafting_table":2,"minecraft:emerald_ore":3,"minecraft:grass_block":1,"minecraft:chest":2,"minecraft:spawner":3,"minecraft:lime_bed":1,"minecraft:furnace":1,"minecraft:iron_bars":3,"minecraft:packed_ice":3,"minecraft:cracked_stone_bricks":4,"minecraft:stone":7,"minecraft:stone_bricks":10,"tconstruct:sky_slime_dirt":3,"minecraft:mossy_stone_bricks":1},"minecraft:crafted":{"minecraft:oak_planks":16,"minecraft:crafting_table":1,"minecraft:bone_meal":24,"minecraft:stick":12,"minecraft:iron_pickaxe":1},"minecraft:custom":{"minecraft:interact_with_furnace":1,"minecraft:mob_kills":19,"tombstone:raider_killed":5,"minecraft:interact_with_crafting_table":1,"minecraft:open_barrel":2,"minecraft:interact_with_loom":1,"minecraft:eat_cake_slice":6,"minecraft:leave_game":1,"minecraft:time_since_death":45099,"minecraft:climb_one_cm":74,"minecraft:time_since_rest":44086,"minecraft:sprint_one_cm":122817,"minecraft:damage_taken":16191,"minecraft:walk_one_cm":182570,"minecraft:trigger_trapped_chest":1,"minecraft:drop":54,"minecraft:damage_dealt":3635,"minecraft:swim_one_cm":18445,"minecraft:player_kills":2,"minecraft:fly_one_cm":211255,"minecraft:open_chest":42,"minecraft:crouch_one_cm":2258,"minecraft:play_time":50209,"tombstone:undead_killed":9,"minecraft:deaths":1,"minecraft:sneak_time":1365,"minecraft:walk_under_water_one_cm":50087,"minecraft:jump":676,"minecraft:walk_on_water_one_cm":14689,"minecraft:total_world_time":50209,"minecraft:fall_one_cm":32716}},"DataVersion":3120}