{"stats":{"minecraft:killed":{"minecraft:sheep":2,"minecraft:zombie":2,"minecraft:pig":3,"minecraft:chicken":5,"minecraft:cow":3},"minecraft:crafted":{"minecraft:cooked_beef":5,"minecraft:wooden_sword":1,"minecraft:oak_planks":44,"minecraft:crafting_table":1,"minecraft:stick":16,"minecraft:wooden_pickaxe":1,"minecraft:cooked_chicken":2,"minecraft:stone_pickaxe":1,"minecraft:stone_sword":1,"minecraft:furnace":1,"minecraft:air":0},"minecraft:broken":{"minecraft:wooden_pickaxe":1},"minecraft:used":{"minecraft:stone_sword":1,"minecraft:stone_pickaxe":84,"minecraft:wooden_pickaxe":52,"minecraft:cooked_chicken":2,"minecraft:wooden_sword":41,"minecraft:dirt":4,"minecraft:cobblestone":1,"minecraft:crafting_table":2,"minecraft:oak_sapling":7,"minecraft:furnace":2,"minecraft:cooked_beef":4},"minecraft:mined":{"minecraft:furnace":1,"minecraft:crafting_table":1,"minecraft:bee_nest":1,"minecraft:grass":1,"minecraft:grass_block":5,"minecraft:oak_log":14,"minecraft:coal_ore":54,"minecraft:dirt":2,"minecraft:stone":74},"minecraft:dropped":{"minecraft:cobblestone":5},"minecraft:picked_up":{"minecraft:stick":1,"minecraft:crafting_table":2,"minecraft:feather":6,"minecraft:chicken":5,"minecraft:leather":4,"minecraft:porkchop":4,"minecraft:oak_log":14,"minecraft:dirt":7,"minecraft:arrow":1,"minecraft:bone":2,"minecraft:beef":5,"minecraft:oak_sapling":7,"minecraft:mutton":2,"minecraft:coal":91,"minecraft:white_wool":2,"minecraft:furnace":1,"minecraft:cobblestone":73,"minecraft:egg":5},"minecraft:custom":{"minecraft:time_since_rest":1845,"minecraft:interact_with_furnace":7,"minecraft:sprint_one_cm":69146,"minecraft:damage_taken":376,"minecraft:walk_one_cm":48351,"minecraft:mob_kills":15,"minecraft:drop":5,"minecraft:damage_dealt":1450,"minecraft:swim_one_cm":15261,"minecraft:interact_with_crafting_table":9,"minecraft:fly_one_cm":172520,"minecraft:player_kills":1,"minecraft:crouch_one_cm":6084,"minecraft:play_time":24729,"minecraft:sneak_time":1857,"minecraft:walk_under_water_one_cm":3046,"minecraft:jump":812,"minecraft:walk_on_water_one_cm":3657,"minecraft:time_since_death":24729,"minecraft:sleep_in_bed":1,"minecraft:climb_one_cm":2494,"minecraft:total_world_time":24729,"minecraft:fall_one_cm":26228}},"DataVersion":3120}