{"stats":{"minecraft:dropped":{"minecraft:compass":1,"alexsmobs:animal_dictionary":1,"minecraft:glass_bottle":3,"minecraft:rotten_flesh":5,"minecraft:cracked_stone_bricks":8,"galosphere:silver_nugget":4,"paraglider:spirit_orb":2,"minecraft:music_disc_13":1,"minecraft:gunpowder":1,"vampirism:vampire_blood_bottle":1,"tconstruct:materials_and_you":1,"tombstone:grave_dust":1,"minecraft:wooden_sword":2,"minecraft:stone_bricks":20,"minecraft:arrow":5,"minecraft:wooden_pickaxe":1,"minecraft:bucket":1,"minecraft:fermented_spider_eye":1,"minecraft:brick":6,"minecraft:bone":2},"minecraft:used":{"minecraft:stone_sword":34,"minecraft:flint_and_steel":64,"minecraft:stone_pickaxe":37,"minecraft:shield":1,"minecraft:iron_sword":10,"minecraft:cauldron":1,"minecraft:cooked_salmon":1,"minecraft:leather_boots":1,"minecraft:salmon":2,"minecraft:torch":24,"tombstone:scroll_of_preservation":1,"minecraft:dirt":1,"minecraft:tnt":1,"minecraft:crafting_table":2,"minecraft:milk_bucket":1,"tconstruct:sky_slime_dirt":3,"minecraft:apple":6,"minecraft:bread":7,"minecraft:iron_pickaxe":4,"croptopia:toast":29,"minecraft:stone_axe":8,"minecraft:wooden_sword":6,"minecraft:potion":3,"minecraft:cobblestone":7,"minecraft:sweet_berries":5,"tombstone:gift":3,"minecraft:cooked_beef":5,"minecraft:potato":13},"minecraft:broken":{"beyond_earth:space_suit":1,"beyond_earth:space_helmet":1,"minecraft:flint_and_steel":1},"minecraft:picked_up":{"croptopia:toast":43,"minecraft:lime_bed":1,"minecraft:crafting_table":3,"vampirism:vampire_blood_bottle":2,"minecraft:cooked_beef":1,"minecraft:salmon":3,"beyond_earth:space_suit":1,"minecraft:wooden_pickaxe":2,"minecraft:enchanted_book":1,"paraglider:spirit_orb":6,"minecraft:potion":1,"minecraft:flint":2,"minecraft:oak_log":4,"minecraft:brick":6,"minecraft:gunpowder":1,"minecraft:dirt":1,"naturalist:glow_goop":1,"minecraft:cooked_salmon":1,"minecraft:wooden_sword":2,"minecraft:leather_boots":1,"minecraft:bone":9,"minecraft:stone_bricks":20,"minecraft:bow":1,"minecraft:cracked_stone_bricks":8,"minecraft:stone_pickaxe":1,"minecraft:mossy_stone_bricks":1,"minecraft:glass_bottle":6,"minecraft:chest":2,"minecraft:iron_sword":1,"minecraft:stick":6,"minecraft:raw_iron":5,"minecraft:milk_bucket":1,"minecraft:sweet_berries":5,"minecraft:music_disc_13":1,"minecraft:torch":24,"iceandfire:silver_ore":3,"tconstruct:sky_slime_dirt":3,"tombstone:grave_dust":1,"minecraft:fermented_spider_eye":1,"galosphere:silver_nugget":4,"minecraft:stone_sword":1,"minecraft:arrow":10,"minecraft:rotten_flesh":5,"minecraft:stone_axe":1,"beyond_earth:space_helmet":1,"minecraft:golden_apple":1,"minecraft:emerald":3,"cataclysm:the_incinerator":1,"minecraft:cod":3,"minecraft:iron_bars":3,"minecraft:coal":3,"minecraft:cobblestone":7},"minecraft:mined":{"iceandfire:silver_ore":3,"iceandfire:dragon_ice_spikes":5,"minecraft:crafting_table":3,"minecraft:emerald_ore":3,"minecraft:grass_block":1,"minecraft:chest":2,"minecraft:tall_grass":2,"minecraft:spawner":3,"minecraft:lime_bed":1,"minecraft:furnace":1,"minecraft:sweet_berry_bush":2,"minecraft:grass":2,"minecraft:iron_bars":3,"minecraft:packed_ice":3,"minecraft:cracked_stone_bricks":4,"minecraft:stone":7,"minecraft:stone_bricks":10,"tconstruct:sky_slime_dirt":3,"minecraft:mossy_stone_bricks":1},"minecraft:crafted":{"minecraft:oak_planks":16,"minecraft:crafting_table":1,"minecraft:bone_meal":24,"minecraft:stick":12,"minecraft:iron_pickaxe":1},"minecraft:killed":{"vampirism:vampire":1,"laendli_transport:slabcrab":3,"vampirism:advanced_vampire":1,"naturalist:firefly":1,"minecraft:spider":1,"minecraft:vindicator":4,"tconstruct:sky_slime":1,"vampirism:hunter":1,"minecraft:skeleton":8,"minecraft:pillager":1,"minecraft:zombie":2,"iceandfire:ghost":1,"minecraft:stray":3,"alexsmobs:comb_jelly":1},"minecraft:custom":{"minecraft:interact_with_furnace":1,"minecraft:mob_kills":32,"tombstone:raider_killed":5,"minecraft:interact_with_crafting_table":4,"minecraft:open_barrel":2,"minecraft:interact_with_loom":1,"minecraft:interact_with_campfire":4,"minecraft:eat_cake_slice":6,"minecraft:leave_game":1,"minecraft:time_since_death":57099,"minecraft:climb_one_cm":74,"minecraft:time_since_rest":56086,"minecraft:sprint_one_cm":163002,"minecraft:damage_taken":16847,"minecraft:walk_one_cm":229309,"minecraft:damage_blocked_by_shield":120,"minecraft:trigger_trapped_chest":1,"minecraft:drop":63,"minecraft:damage_dealt":6441,"tombstone:cast_on_ally":0,"minecraft:swim_one_cm":18445,"minecraft:player_kills":2,"minecraft:fly_one_cm":275004,"minecraft:open_chest":49,"minecraft:crouch_one_cm":3183,"minecraft:play_time":62209,"tombstone:undead_killed":14,"minecraft:deaths":1,"minecraft:sneak_time":1514,"minecraft:walk_under_water_one_cm":50087,"minecraft:jump":974,"minecraft:walk_on_water_one_cm":14689,"minecraft:total_world_time":62209,"minecraft:fall_one_cm":41096}},"DataVersion":3120}