{"stats":{"minecraft:killed":{"minecraft:sheep":7,"minecraft:zombie":2,"minecraft:pig":10,"minecraft:chicken":12,"minecraft:cow":3},"minecraft:crafted":{"minecraft:cooked_beef":5,"minecraft:wooden_sword":1,"minecraft:oak_planks":56,"minecraft:crafting_table":1,"minecraft:stick":16,"minecraft:wooden_pickaxe":1,"minecraft:cooked_chicken":2,"minecraft:stone_pickaxe":2,"minecraft:stone_sword":1,"minecraft:furnace":1,"minecraft:stone_axe":1,"minecraft:cooked_mutton":9,"minecraft:air":0},"minecraft:broken":{"minecraft:stone_pickaxe":1,"minecraft:wooden_sword":1,"minecraft:wooden_pickaxe":1},"minecraft:used":{"minecraft:stone_sword":19,"minecraft:stone_pickaxe":154,"minecraft:wooden_pickaxe":52,"minecraft:cooked_chicken":2,"minecraft:stone_axe":1,"minecraft:wooden_sword":60,"minecraft:dirt":8,"minecraft:cobblestone":1,"minecraft:crafting_table":3,"minecraft:oak_sapling":7,"minecraft:furnace":2,"minecraft:cooked_beef":5},"minecraft:mined":{"minecraft:furnace":1,"minecraft:crafting_table":2,"minecraft:bee_nest":1,"minecraft:grass":1,"minecraft:grass_block":8,"minecraft:oak_log":14,"minecraft:coal_ore":115,"minecraft:dirt":7,"minecraft:stone":83},"minecraft:dropped":{"minecraft:cobblestone":5,"minecraft:stone_pickaxe":1},"minecraft:picked_up":{"minecraft:stick":1,"minecraft:crafting_table":3,"minecraft:feather":11,"minecraft:chicken":12,"minecraft:leather":4,"minecraft:porkchop":16,"minecraft:oak_log":14,"minecraft:dirt":15,"minecraft:arrow":1,"minecraft:bone":2,"minecraft:beef":5,"minecraft:stone_pickaxe":1,"minecraft:light_gray_wool":1,"minecraft:oak_sapling":7,"minecraft:mutton":7,"minecraft:coal":152,"minecraft:white_wool":6,"minecraft:furnace":1,"minecraft:cobblestone":82,"minecraft:egg":6},"minecraft:custom":{"minecraft:time_since_rest":13845,"minecraft:interact_with_furnace":8,"minecraft:sprint_one_cm":94104,"minecraft:damage_taken":386,"minecraft:walk_one_cm":90322,"minecraft:mob_kills":34,"minecraft:drop":6,"minecraft:damage_dealt":2830,"minecraft:swim_one_cm":27020,"minecraft:interact_with_crafting_table":12,"minecraft:fly_one_cm":253935,"minecraft:player_kills":1,"minecraft:crouch_one_cm":6638,"minecraft:play_time":36729,"minecraft:sneak_time":2144,"minecraft:walk_under_water_one_cm":4405,"minecraft:jump":1185,"minecraft:walk_on_water_one_cm":4949,"minecraft:time_since_death":36729,"minecraft:sleep_in_bed":1,"minecraft:climb_one_cm":5901,"minecraft:total_world_time":36729,"minecraft:fall_one_cm":36136}},"DataVersion":3120}