{"stats":{"minecraft:killed_by":{"minecraft:zombie":1},"minecraft:dropped":{"hexerei:animal_fat":2,"hexerei:sage_seed":1,"minecraft:cod":1},"minecraft:picked_up":{"croptopia:toast":7,"hexerei:animal_fat":3,"minecraft:stick":3,"minecraft:crafting_table":1,"minecraft:feather":4,"minecraft:chicken":2,"minecraft:leather":3,"minecraft:dandelion":1,"minecraft:oak_log":9,"naturalist:cooked_egg":1,"minecraft:white_bed":1,"minecraft:heavy_weighted_pressure_plate":1,"minecraft:dirt":13,"hexerei:sage_seed":2,"minecraft:cooked_cod":1,"minecraft:apple":1,"minecraft:light_blue_wool":3,"minecraft:wheat_seeds":1,"minecraft:hay_block":9,"minecraft:beef":3,"iwannaskate:skateboard":1,"minecraft:bread":13,"minecraft:oak_sapling":1,"minecraft:spruce_trapdoor":2,"minecraft:cod":2,"minecraft:mutton":3,"minecraft:honeycomb":3,"minecraft:white_wool":7,"minecraft:cooked_porkchop":4},"minecraft:mined":{"minecraft:hay_block":9,"minecraft:white_bed":1,"minecraft:light_blue_wool":1,"minecraft:crafting_table":1,"minecraft:oak_log":4,"minecraft:oak_leaves":18},"minecraft:crafted":{"minecraft:wooden_sword":1,"minecraft:oak_planks":36,"minecraft:crafting_table":1,"minecraft:stick":8,"minecraft:wooden_pickaxe":1,"minecraft:wooden_axe":1},"minecraft:killed":{"minecraft:sheep":2,"minecraft:horse":1,"alexsmobs:terrapin":1,"minecraft:chicken":2,"minecraft:cow":1},"minecraft:custom":{"minecraft:time_since_rest":22440,"minecraft:sprint_one_cm":49571,"minecraft:damage_taken":450,"minecraft:walk_one_cm":61891,"minecraft:mob_kills":8,"minecraft:drop":4,"minecraft:damage_dealt":1035,"minecraft:swim_one_cm":568,"minecraft:interact_with_crafting_table":4,"minecraft:fly_one_cm":122946,"minecraft:open_chest":4,"minecraft:crouch_one_cm":2684,"minecraft:play_time":40148,"minecraft:interact_with_campfire":1,"minecraft:deaths":1,"minecraft:sneak_time":764,"minecraft:walk_under_water_one_cm":737,"minecraft:jump":524,"minecraft:walk_on_water_one_cm":3005,"minecraft:time_since_death":23535,"minecraft:climb_one_cm":570,"minecraft:total_world_time":40148,"minecraft:fall_one_cm":14384},"minecraft:used":{"minecraft:wooden_axe":12,"minecraft:apple":1,"iwannaskate:skateboard":1,"minecraft:bread":3,"minecraft:wooden_pickaxe":1,"minecraft:white_wool":10,"minecraft:wooden_sword":19,"minecraft:crafting_table":1,"minecraft:oak_sapling":2,"minecraft:light_blue_wool":4,"tombstone:gift":1,"minecraft:potato":8}},"DataVersion":3120}