{"stats":{"minecraft:dropped":{"minecraft:wheat_seeds":1,"minecraft:glass_bottle":3,"vampirism:vampire_book":1,"minecraft:cracked_stone_bricks":8,"paraglider:spirit_orb":2,"minecraft:music_disc_13":1,"tconstruct:materials_and_you":1,"tombstone:grave_dust":1,"minecraft:wooden_sword":2,"minecraft:fermented_spider_eye":1,"minecraft:bucket":1,"minecraft:bone":2,"minecraft:compass":1,"alexsmobs:animal_dictionary":1,"minecraft:rotten_flesh":5,"galosphere:silver_nugget":4,"minecraft:gunpowder":1,"vampirism:vampire_blood_bottle":1,"minecraft:stone_bricks":20,"minecraft:bow":1,"minecraft:arrow":5,"minecraft:wooden_pickaxe":1,"minecraft:brick":6},"minecraft:used":{"minecraft:stone_sword":34,"minecraft:flint_and_steel":64,"minecraft:shield":1,"minecraft:iron_sword":10,"minecraft:cooked_salmon":1,"minecraft:torch":24,"tombstone:scroll_of_preservation":1,"minecraft:dirt":1,"minecraft:mutton":1,"minecraft:milk_bucket":1,"minecraft:bow":5,"minecraft:sweet_berries":5,"tombstone:gift":3,"minecraft:cooked_beef":5,"minecraft:potato":13,"minecraft:cooked_mutton":2,"minecraft:stone_pickaxe":131,"biomesoplenty:lavender":1,"minecraft:cauldron":1,"minecraft:leather_boots":1,"minecraft:salmon":2,"minecraft:tnt":1,"minecraft:crafting_table":2,"tconstruct:sky_slime_dirt":3,"minecraft:apple":6,"minecraft:bread":7,"minecraft:iron_pickaxe":16,"minecraft:stone_axe":10,"croptopia:toast":31,"minecraft:wooden_sword":6,"minecraft:cobblestone":34,"minecraft:potion":3},"minecraft:broken":{"beyond_earth:space_suit":1,"beyond_earth:space_helmet":1,"minecraft:flint_and_steel":1,"minecraft:stone_pickaxe":1},"minecraft:picked_up":{"croptopia:toast":43,"minecraft:crafting_table":3,"beyond_earth:space_suit":1,"minecraft:wooden_pickaxe":2,"minecraft:potion":1,"minecraft:enchanted_book":1,"minecraft:brick":6,"minecraft:cooked_salmon":1,"minecraft:wooden_sword":2,"minecraft:cracked_stone_bricks":8,"minecraft:chest":2,"minecraft:raw_iron":11,"minecraft:stick":6,"minecraft:torch":24,"iceandfire:silver_ore":3,"minecraft:porkchop":2,"tconstruct:sky_slime_dirt":3,"tombstone:grave_dust":1,"minecraft:stone_sword":1,"minecraft:arrow":10,"minecraft:rotten_flesh":5,"beyond_earth:space_helmet":1,"minecraft:iron_bars":3,"minecraft:cod":4,"minecraft:cobblestone":89,"biomesoplenty:lavender":1,"minecraft:lime_bed":1,"vampirism:vampire_blood_bottle":2,"minecraft:cooked_beef":2,"minecraft:salmon":3,"paraglider:spirit_orb":6,"minecraft:flint":2,"minecraft:oak_log":4,"minecraft:gunpowder":1,"minecraft:dirt":1,"naturalist:glow_goop":1,"minecraft:leather_boots":1,"minecraft:cooked_mutton":2,"minecraft:bone":9,"minecraft:stone_bricks":20,"minecraft:bow":1,"minecraft:wheat_seeds":1,"minecraft:stone_pickaxe":1,"minecraft:mossy_stone_bricks":1,"minecraft:glass_bottle":6,"minecraft:iron_sword":1,"minecraft:milk_bucket":1,"minecraft:cooked_porkchop":5,"minecraft:music_disc_13":1,"minecraft:sweet_berries":5,"minecraft:fermented_spider_eye":1,"galosphere:silver_nugget":4,"minecraft:stone_axe":1,"minecraft:golden_apple":1,"cataclysm:the_incinerator":1,"minecraft:emerald":3,"minecraft:coal":17},"minecraft:mined":{"iceandfire:silver_ore":3,"minecraft:grass_block":1,"minecraft:spawner":3,"minecraft:furnace":1,"minecraft:iron_ore":6,"biomesoplenty:lavender":1,"minecraft:iron_bars":3,"minecraft:packed_ice":3,"tconstruct:sky_slime_dirt":3,"minecraft:stone":87,"minecraft:crafting_table":3,"iceandfire:dragon_ice_spikes":5,"minecraft:emerald_ore":3,"minecraft:chest":2,"minecraft:tall_grass":3,"minecraft:cobblestone":6,"minecraft:lime_bed":1,"minecraft:sweet_berry_bush":2,"dynamictrees:birch_leaves":3,"minecraft:bee_nest":1,"minecraft:grass":3,"minecraft:coal_ore":14,"minecraft:cracked_stone_bricks":4,"minecraft:stone_bricks":10,"minecraft:mossy_stone_bricks":1},"minecraft:killed":{"vampirism:vampire":1,"vampirism:advanced_vampire":1,"minecraft:vindicator":4,"minecraft:spider":1,"tconstruct:sky_slime":1,"minecraft:skeleton":8,"minecraft:bee":1,"alexsmobs:comb_jelly":1,"laendli_transport:slabcrab":4,"minecraft:pig":1,"naturalist:firefly":1,"vampirism:hunter":1,"minecraft:pillager":1,"minecraft:zombie":2,"iceandfire:ghost":1,"minecraft:stray":3,"alexsmobs:fly":1},"minecraft:crafted":{"minecraft:oak_planks":16,"minecraft:bone_meal":24,"minecraft:crafting_table":1,"minecraft:stick":12,"minecraft:iron_pickaxe":1},"minecraft:custom":{"minecraft:mob_kills":41,"minecraft:interact_with_crafting_table":4,"minecraft:open_barrel":2,"minecraft:interact_with_campfire":12,"minecraft:eat_cake_slice":6,"minecraft:leave_game":1,"minecraft:time_since_death":69099,"minecraft:climb_one_cm":74,"minecraft:sprint_one_cm":199925,"minecraft:walk_one_cm":261203,"minecraft:damage_blocked_by_shield":120,"minecraft:drop":66,"minecraft:damage_dealt_absorbed":828,"minecraft:play_time":74209,"minecraft:deaths":1,"minecraft:sneak_time":1745,"minecraft:walk_under_water_one_cm":50087,"minecraft:jump":1349,"minecraft:walk_on_water_one_cm":14689,"minecraft:total_world_time":74209,"minecraft:interact_with_furnace":1,"tombstone:raider_killed":5,"minecraft:interact_with_loom":1,"minecraft:time_since_rest":68086,"minecraft:damage_taken":17138,"minecraft:trigger_trapped_chest":1,"minecraft:damage_dealt":6941,"tombstone:cast_on_ally":0,"minecraft:swim_one_cm":18445,"minecraft:fly_one_cm":332737,"minecraft:player_kills":2,"minecraft:open_chest":56,"minecraft:crouch_one_cm":3676,"tombstone:undead_killed":14,"minecraft:fall_one_cm":49514}},"DataVersion":3120}