{"stats":{"minecraft:dropped":{"hexerei:animal_fat":2},"minecraft:picked_up":{"croptopia:toast":4,"hexerei:animal_fat":3,"minecraft:crafting_table":1,"minecraft:feather":4,"minecraft:chicken":2,"minecraft:leather":3,"minecraft:oak_log":6,"minecraft:white_bed":1,"minecraft:dirt":13,"hexerei:sage_seed":1,"minecraft:apple":1,"minecraft:hay_block":9,"minecraft:beef":3,"iwannaskate:skateboard":1,"minecraft:bread":13,"minecraft:oak_sapling":1,"minecraft:cod":1,"minecraft:mutton":3,"minecraft:honeycomb":3,"minecraft:white_wool":2},"minecraft:mined":{"minecraft:hay_block":9,"minecraft:white_bed":1,"minecraft:crafting_table":1,"minecraft:oak_log":4,"minecraft:oak_leaves":12},"minecraft:crafted":{"minecraft:wooden_sword":1,"minecraft:oak_planks":16,"minecraft:crafting_table":1,"minecraft:stick":8,"minecraft:wooden_pickaxe":1,"minecraft:wooden_axe":1},"minecraft:killed":{"minecraft:sheep":2,"minecraft:horse":1,"alexsmobs:terrapin":1,"minecraft:chicken":2,"minecraft:cow":1},"minecraft:custom":{"minecraft:time_since_rest":16148,"minecraft:sprint_one_cm":38717,"minecraft:damage_taken":420,"minecraft:walk_one_cm":46186,"minecraft:mob_kills":8,"minecraft:drop":2,"minecraft:damage_dealt":1035,"minecraft:swim_one_cm":568,"minecraft:interact_with_crafting_table":4,"minecraft:fly_one_cm":85632,"minecraft:open_chest":2,"minecraft:crouch_one_cm":2174,"minecraft:play_time":16148,"minecraft:sneak_time":563,"minecraft:walk_under_water_one_cm":737,"minecraft:jump":360,"minecraft:walk_on_water_one_cm":3005,"minecraft:time_since_death":16148,"minecraft:climb_one_cm":570,"minecraft:total_world_time":16148,"minecraft:fall_one_cm":10117},"minecraft:used":{"minecraft:wooden_axe":4,"minecraft:apple":1,"iwannaskate:skateboard":1,"minecraft:bread":3,"minecraft:wooden_pickaxe":1,"minecraft:wooden_sword":19,"minecraft:crafting_table":1,"minecraft:oak_sapling":2,"minecraft:potato":8}},"DataVersion":3120}