{"stats":{"minecraft:killed":{"minecraft:pig":11,"minecraft:slime":3,"minecraft:sheep":12,"minecraft:skeleton":1,"minecraft:pillager":3,"minecraft:zombie":3,"minecraft:chicken":19,"minecraft:cow":3},"minecraft:crafted":{"minecraft:cooked_beef":5,"minecraft:wooden_sword":1,"minecraft:oak_planks":56,"minecraft:cooked_porkchop":19,"minecraft:crafting_table":1,"minecraft:wooden_pickaxe":1,"minecraft:cooked_chicken":10,"minecraft:furnace":1,"minecraft:bone_meal":12,"minecraft:stone_axe":1,"minecraft:cooked_mutton":25,"minecraft:air":0,"minecraft:stick":16,"minecraft:stone_pickaxe":2,"minecraft:stone_sword":1},"minecraft:killed_by":{"minecraft:player":1,"minecraft:zombie":1},"minecraft:broken":{"minecraft:stone_pickaxe":1,"minecraft:wooden_sword":1,"minecraft:wooden_pickaxe":1},"minecraft:used":{"minecraft:cooked_mutton":1,"minecraft:stone_sword":67,"minecraft:stone_pickaxe":168,"minecraft:wooden_pickaxe":52,"minecraft:cooked_chicken":6,"minecraft:dirt":8,"minecraft:crafting_table":4,"minecraft:stone_axe":3,"minecraft:wooden_sword":60,"minecraft:cobblestone":31,"minecraft:white_banner":2,"minecraft:furnace":2,"minecraft:oak_sapling":7,"minecraft:egg":6,"minecraft:cooked_beef":5,"minecraft:bone_meal":12},"minecraft:mined":{"minecraft:crafting_table":3,"minecraft:grass_block":8,"minecraft:dead_bush":1,"minecraft:cobblestone":14,"minecraft:furnace":1,"minecraft:bee_nest":1,"minecraft:grass":5,"minecraft:coal_ore":115,"minecraft:oak_log":14,"minecraft:dirt":7,"minecraft:white_banner":1,"minecraft:stone":83},"minecraft:dropped":{"minecraft:wheat_seeds":1,"minecraft:cooked_chicken":1,"minecraft:cobblestone":5,"minecraft:rotten_flesh":4,"minecraft:blue_orchid":1,"minecraft:stone_pickaxe":1},"minecraft:custom":{"minecraft:interact_with_furnace":36,"minecraft:mob_kills":56,"minecraft:interact_with_crafting_table":13,"minecraft:leave_game":1,"minecraft:time_since_death":3362,"minecraft:sleep_in_bed":4,"minecraft:climb_one_cm":20173,"minecraft:time_since_rest":1946,"minecraft:sprint_one_cm":124944,"minecraft:damage_taken":1197,"minecraft:walk_one_cm":143399,"minecraft:drop":12,"minecraft:damage_dealt":4872,"minecraft:swim_one_cm":30132,"minecraft:fly_one_cm":327749,"minecraft:player_kills":2,"minecraft:crouch_one_cm":10833,"minecraft:play_time":64290,"minecraft:deaths":2,"minecraft:sneak_time":3198,"minecraft:walk_under_water_one_cm":5006,"minecraft:jump":1665,"minecraft:walk_on_water_one_cm":9289,"minecraft:total_world_time":64290,"minecraft:fall_one_cm":47018},"minecraft:picked_up":{"minecraft:crafting_table":6,"minecraft:feather":43,"minecraft:chicken":19,"minecraft:leather":12,"minecraft:oak_log":14,"minecraft:dirt":27,"minecraft:white_banner":3,"minecraft:cooked_mutton":9,"minecraft:bone":8,"minecraft:blue_orchid":1,"minecraft:wheat_seeds":2,"minecraft:cooked_chicken":3,"minecraft:beef":5,"minecraft:stone_pickaxe":3,"minecraft:light_gray_wool":3,"minecraft:oak_planks":78,"minecraft:egg":14,"minecraft:furnace":1,"minecraft:stick":18,"minecraft:cooked_porkchop":19,"minecraft:porkchop":35,"minecraft:stone_sword":2,"minecraft:arrow":6,"minecraft:rotten_flesh":4,"minecraft:slime_ball":4,"minecraft:stone_axe":2,"minecraft:oak_sapling":7,"minecraft:coal":277,"minecraft:mutton":16,"minecraft:white_wool":28,"minecraft:cobblestone":162}},"DataVersion":3120}