{"stats":{"minecraft:killed":{"minecraft:pig":11,"minecraft:slime":3,"minecraft:sheep":12,"minecraft:skeleton":1,"minecraft:pillager":3,"minecraft:zombie":2,"minecraft:chicken":19,"minecraft:cow":3},"minecraft:crafted":{"minecraft:cooked_beef":5,"minecraft:wooden_sword":1,"minecraft:oak_planks":56,"minecraft:cooked_porkchop":19,"minecraft:crafting_table":1,"minecraft:wooden_pickaxe":1,"minecraft:cooked_chicken":10,"minecraft:furnace":1,"minecraft:bone_meal":12,"minecraft:stone_axe":1,"minecraft:cooked_mutton":25,"minecraft:air":0,"minecraft:stick":16,"minecraft:stone_pickaxe":2,"minecraft:stone_sword":1},"minecraft:killed_by":{"minecraft:player":1},"minecraft:broken":{"minecraft:stone_pickaxe":1,"minecraft:wooden_sword":1,"minecraft:wooden_pickaxe":1},"minecraft:used":{"minecraft:cooked_mutton":1,"minecraft:stone_sword":62,"minecraft:stone_pickaxe":160,"minecraft:wooden_pickaxe":52,"minecraft:cooked_chicken":6,"minecraft:dirt":8,"minecraft:crafting_table":4,"minecraft:stone_axe":2,"minecraft:wooden_sword":60,"minecraft:cobblestone":31,"minecraft:furnace":2,"minecraft:oak_sapling":7,"minecraft:egg":6,"minecraft:cooked_beef":5,"minecraft:bone_meal":12},"minecraft:mined":{"minecraft:crafting_table":3,"minecraft:grass_block":8,"minecraft:dead_bush":1,"minecraft:cobblestone":6,"minecraft:furnace":1,"minecraft:bee_nest":1,"minecraft:grass":5,"minecraft:coal_ore":115,"minecraft:oak_log":14,"minecraft:dirt":7,"minecraft:stone":83},"minecraft:dropped":{"minecraft:wheat_seeds":1,"minecraft:cooked_chicken":1,"minecraft:cobblestone":5,"minecraft:rotten_flesh":2,"minecraft:stone_pickaxe":1},"minecraft:custom":{"minecraft:interact_with_furnace":36,"minecraft:mob_kills":54,"minecraft:interact_with_crafting_table":13,"minecraft:time_since_death":13568,"minecraft:sleep_in_bed":3,"minecraft:climb_one_cm":15957,"minecraft:time_since_rest":13607,"minecraft:sprint_one_cm":117251,"minecraft:damage_taken":1012,"minecraft:walk_one_cm":136201,"minecraft:drop":10,"minecraft:damage_dealt":4620,"minecraft:swim_one_cm":28530,"minecraft:fly_one_cm":318001,"minecraft:player_kills":2,"minecraft:crouch_one_cm":10316,"minecraft:play_time":60729,"minecraft:deaths":1,"minecraft:sneak_time":3083,"minecraft:walk_under_water_one_cm":4745,"minecraft:jump":1603,"minecraft:walk_on_water_one_cm":7728,"minecraft:total_world_time":60729,"minecraft:fall_one_cm":45568},"minecraft:picked_up":{"minecraft:crafting_table":5,"minecraft:feather":27,"minecraft:chicken":19,"minecraft:leather":8,"minecraft:oak_log":14,"minecraft:dirt":22,"minecraft:white_banner":1,"minecraft:bone":8,"minecraft:wheat_seeds":2,"minecraft:beef":5,"minecraft:stone_pickaxe":2,"minecraft:light_gray_wool":2,"minecraft:oak_planks":39,"minecraft:egg":10,"minecraft:furnace":1,"minecraft:stick":10,"minecraft:porkchop":35,"minecraft:stone_sword":1,"minecraft:arrow":4,"minecraft:rotten_flesh":2,"minecraft:slime_ball":2,"minecraft:stone_axe":1,"minecraft:oak_sapling":7,"minecraft:coal":213,"minecraft:mutton":16,"minecraft:white_wool":17,"minecraft:cobblestone":121}},"DataVersion":3120}