{"stats":{"minecraft:picked_up":{"hexerei:animal_fat":1,"minecraft:beef":3,"iwannaskate:skateboard":1,"minecraft:leather":3},"minecraft:killed":{"minecraft:horse":1,"minecraft:cow":1},"minecraft:custom":{"minecraft:jump":57,"minecraft:time_since_rest":4148,"minecraft:damage_dealt":363,"minecraft:crouch_one_cm":1321,"minecraft:walk_on_water_one_cm":1365,"minecraft:sprint_one_cm":6767,"minecraft:play_time":4148,"minecraft:time_since_death":4148,"minecraft:walk_one_cm":12315,"minecraft:sneak_time":239,"minecraft:total_world_time":4148,"minecraft:walk_under_water_one_cm":248,"minecraft:mob_kills":2,"minecraft:swim_one_cm":568,"minecraft:fall_one_cm":1103,"minecraft:fly_one_cm":16217},"minecraft:used":{"iwannaskate:skateboard":1}},"DataVersion":3120}