{"stats":{"minecraft:killed":{"minecraft:pig":10,"minecraft:sheep":7,"minecraft:skeleton":1,"minecraft:zombie":2,"minecraft:chicken":12,"minecraft:cow":3},"minecraft:crafted":{"minecraft:cooked_beef":5,"minecraft:wooden_sword":1,"minecraft:oak_planks":56,"minecraft:cooked_porkchop":3,"minecraft:crafting_table":1,"minecraft:wooden_pickaxe":1,"minecraft:cooked_chicken":10,"minecraft:furnace":1,"minecraft:stone_axe":1,"minecraft:cooked_mutton":16,"minecraft:air":0,"minecraft:stick":16,"minecraft:stone_pickaxe":2,"minecraft:stone_sword":1},"minecraft:killed_by":{"minecraft:player":1},"minecraft:broken":{"minecraft:stone_pickaxe":1,"minecraft:wooden_sword":1,"minecraft:wooden_pickaxe":1},"minecraft:used":{"minecraft:cooked_mutton":1,"minecraft:stone_sword":23,"minecraft:stone_pickaxe":160,"minecraft:wooden_pickaxe":52,"minecraft:cooked_chicken":4,"minecraft:dirt":8,"minecraft:crafting_table":3,"minecraft:stone_axe":1,"minecraft:wooden_sword":60,"minecraft:cobblestone":31,"minecraft:furnace":2,"minecraft:oak_sapling":7,"minecraft:egg":6,"minecraft:cooked_beef":5},"minecraft:mined":{"minecraft:crafting_table":2,"minecraft:grass_block":8,"minecraft:dead_bush":1,"minecraft:cobblestone":6,"minecraft:furnace":1,"minecraft:bee_nest":1,"minecraft:grass":4,"minecraft:coal_ore":115,"minecraft:oak_log":14,"minecraft:dirt":7,"minecraft:stone":83},"minecraft:dropped":{"minecraft:wheat_seeds":1,"minecraft:cooked_chicken":1,"minecraft:cobblestone":5,"minecraft:rotten_flesh":2,"minecraft:stone_pickaxe":1},"minecraft:custom":{"minecraft:interact_with_furnace":16,"minecraft:mob_kills":35,"minecraft:interact_with_crafting_table":12,"minecraft:time_since_death":1568,"minecraft:sleep_in_bed":3,"minecraft:climb_one_cm":9528,"minecraft:time_since_rest":1607,"minecraft:sprint_one_cm":100103,"minecraft:damage_taken":736,"minecraft:walk_one_cm":108322,"minecraft:drop":10,"minecraft:damage_dealt":3134,"minecraft:swim_one_cm":27020,"minecraft:fly_one_cm":264121,"minecraft:player_kills":1,"minecraft:crouch_one_cm":8928,"minecraft:play_time":48729,"minecraft:deaths":1,"minecraft:sneak_time":2687,"minecraft:walk_under_water_one_cm":4405,"minecraft:jump":1306,"minecraft:walk_on_water_one_cm":5045,"minecraft:total_world_time":48729,"minecraft:fall_one_cm":39454},"minecraft:picked_up":{"minecraft:crafting_table":4,"minecraft:feather":22,"minecraft:chicken":12,"minecraft:leather":8,"minecraft:oak_log":14,"minecraft:dirt":22,"minecraft:bone":8,"minecraft:wheat_seeds":2,"minecraft:beef":5,"minecraft:stone_pickaxe":2,"minecraft:light_gray_wool":2,"minecraft:oak_planks":39,"minecraft:egg":6,"minecraft:furnace":1,"minecraft:stick":10,"minecraft:porkchop":32,"minecraft:stone_sword":1,"minecraft:arrow":4,"minecraft:rotten_flesh":2,"minecraft:stone_axe":1,"minecraft:oak_sapling":7,"minecraft:coal":213,"minecraft:mutton":7,"minecraft:white_wool":12,"minecraft:cobblestone":121}},"DataVersion":3120}