{"stats":{"minecraft:dropped":{"minecraft:dark_oak_sapling":1},"minecraft:mined":{"minecraft:furnace":1,"minecraft:dark_oak_leaves":3,"minecraft:birch_log":1,"minecraft:birch_leaves":1,"minecraft:andesite":14,"minecraft:crafting_table":2,"minecraft:oak_log":20,"minecraft:grass_block":3,"minecraft:coal_ore":39,"minecraft:dirt":7,"minecraft:stone":14,"minecraft:sugar_cane":4,"minecraft:oak_leaves":8},"minecraft:used":{"minecraft:cooked_mutton":2,"minecraft:stone_pickaxe":45,"minecraft:wooden_pickaxe":26,"minecraft:stone_axe":49,"minecraft:dirt":8,"minecraft:crafting_table":2,"minecraft:furnace":1,"minecraft:cooked_beef":1},"minecraft:picked_up":{"minecraft:birch_log":4,"minecraft:seagrass":4,"minecraft:stick":4,"minecraft:crafting_table":3,"minecraft:andesite":28,"minecraft:leather":8,"minecraft:wooden_pickaxe":1,"minecraft:oak_log":31,"minecraft:dirt":22,"minecraft:rotten_flesh":1,"minecraft:stone_axe":1,"minecraft:beef":21,"minecraft:stone_pickaxe":1,"minecraft:oak_planks":9,"minecraft:sugar_cane":20,"minecraft:mutton":2,"minecraft:coal":113,"minecraft:dark_oak_sapling":1,"minecraft:white_wool":2,"minecraft:cobblestone":14,"minecraft:furnace":2},"minecraft:crafted":{"minecraft:cooked_beef":10,"minecraft:oak_planks":20,"minecraft:crafting_table":1,"minecraft:stick":8,"minecraft:wooden_pickaxe":1,"minecraft:stone_pickaxe":1,"minecraft:furnace":1,"minecraft:stone_axe":1,"minecraft:air":0,"minecraft:cooked_mutton":2},"minecraft:killed":{"minecraft:sheep":1,"minecraft:turtle":3,"minecraft:cow":9},"minecraft:killed_by":{"minecraft:creeper":2},"minecraft:custom":{"minecraft:time_since_rest":3865,"minecraft:interact_with_furnace":6,"minecraft:sprint_one_cm":58075,"minecraft:damage_taken":935,"minecraft:walk_one_cm":161335,"minecraft:mob_kills":13,"minecraft:drop":1,"minecraft:damage_dealt":2460,"minecraft:interact_with_crafting_table":4,"minecraft:swim_one_cm":13635,"minecraft:fly_one_cm":54363,"minecraft:crouch_one_cm":971,"minecraft:play_time":27984,"minecraft:deaths":3,"minecraft:sneak_time":410,"minecraft:walk_under_water_one_cm":2914,"minecraft:jump":571,"minecraft:walk_on_water_one_cm":5095,"minecraft:time_since_death":3831,"minecraft:total_world_time":27984,"minecraft:fall_one_cm":10331}},"DataVersion":3120}