{"stats":{"minecraft:killed":{"minecraft:zombie":1,"minecraft:wither_skeleton":19},"minecraft:used":{"minecraft:netherite_sword":37,"minecraft:potion":2,"minecraft:netherite_chestplate":1,"minecraft:netherite_axe":29,"minecraft:experience_bottle":64,"minecraft:enchanted_golden_apple":2},"minecraft:mined":{"minecraft:grass":1,"minecraft:grass_block":12,"minecraft:dirt":1,"minecraft:tall_grass":6},"minecraft:dropped":{"minecraft:wheat_seeds":1},"minecraft:picked_up":{"minecraft:bone":15,"minecraft:wheat_seeds":3,"minecraft:crossbow":1,"minecraft:netherite_chestplate":1,"minecraft:coal":5,"minecraft:lapis_lazuli":64,"minecraft:dirt":3},"minecraft:custom":{"minecraft:open_chest":9,"minecraft:time_since_rest":580,"minecraft:deaths":1,"minecraft:crouch_one_cm":517,"minecraft:sprint_one_cm":22984,"minecraft:play_time":11778,"minecraft:damage_absorbed":221,"minecraft:damage_taken":710,"minecraft:walk_one_cm":30472,"minecraft:sneak_time":703,"minecraft:interact_with_anvil":6,"minecraft:mob_kills":20,"minecraft:drop":1,"minecraft:jump":232,"minecraft:damage_dealt":3942,"minecraft:leave_game":2,"minecraft:time_since_death":550,"minecraft:enchant_item":4,"minecraft:climb_one_cm":419,"minecraft:total_world_time":11778,"minecraft:damage_resisted":128,"minecraft:fall_one_cm":7491,"minecraft:fly_one_cm":55447}},"DataVersion":3120}