{"stats":{"minecraft:killed":{"minecraft:spider":1,"minecraft:sheep":6,"minecraft:zombie":3,"minecraft:chicken":1,"minecraft:wither_skeleton":19},"minecraft:crafted":{"minecraft:oak_door":3,"minecraft:oak_planks":40,"minecraft:crafting_table":2,"minecraft:wooden_pickaxe":1,"minecraft:cooked_chicken":2,"minecraft:furnace":1,"minecraft:stone_axe":1,"minecraft:air":0,"minecraft:stick":8,"minecraft:stone_pickaxe":2,"minecraft:white_bed":2},"minecraft:killed_by":{"minecraft:player":2},"minecraft:broken":{"minecraft:stone_pickaxe":1},"minecraft:used":{"minecraft:netherite_sword":37,"minecraft:stone_pickaxe":204,"minecraft:netherite_chestplate":1,"minecraft:wooden_pickaxe":4,"minecraft:cooked_chicken":3,"minecraft:rotten_flesh":4,"minecraft:oak_door":8,"minecraft:dirt":3,"minecraft:crafting_table":3,"minecraft:white_bed":2,"minecraft:apple":2,"minecraft:chicken":1,"minecraft:netherite_axe":29,"minecraft:stone_axe":64,"minecraft:cobblestone":21,"minecraft:potion":2,"minecraft:furnace":1,"minecraft:egg":4,"minecraft:enchanted_golden_apple":2,"minecraft:experience_bottle":64},"minecraft:mined":{"minecraft:oak_door":6,"minecraft:crafting_table":3,"minecraft:granite":6,"minecraft:grass_block":14,"minecraft:tall_grass":8,"minecraft:cobblestone":3,"minecraft:lapis_ore":4,"minecraft:sugar_cane":1,"minecraft:diorite":1,"minecraft:birch_log":4,"minecraft:iron_ore":21,"minecraft:grass":5,"minecraft:oak_log":37,"minecraft:gravel":2,"minecraft:dirt":3,"minecraft:blue_orchid":1,"minecraft:stone":122,"minecraft:oak_leaves":6,"minecraft:deepslate":49},"minecraft:dropped":{"minecraft:wheat_seeds":1,"minecraft:cooked_chicken":6,"minecraft:crafting_table":1,"minecraft:cobblestone":22,"minecraft:stick":18,"minecraft:dirt":11,"minecraft:oak_sapling":1,"minecraft:white_wool":22},"minecraft:custom":{"minecraft:interact_with_furnace":10,"minecraft:mob_kills":29,"minecraft:interact_with_anvil":6,"minecraft:interact_with_crafting_table":14,"minecraft:leave_game":2,"minecraft:time_since_death":20351,"minecraft:sleep_in_bed":4,"minecraft:climb_one_cm":4260,"minecraft:damage_resisted":128,"minecraft:time_since_rest":10385,"minecraft:sprint_one_cm":115491,"minecraft:damage_taken":2171,"minecraft:damage_absorbed":221,"minecraft:walk_one_cm":113735,"minecraft:drop":38,"minecraft:damage_dealt":5378,"minecraft:swim_one_cm":18490,"minecraft:fly_one_cm":209653,"minecraft:player_kills":1,"minecraft:open_chest":9,"minecraft:crouch_one_cm":573,"minecraft:play_time":88868,"minecraft:deaths":5,"minecraft:sneak_time":765,"minecraft:walk_under_water_one_cm":12671,"minecraft:jump":1149,"minecraft:walk_on_water_one_cm":6294,"minecraft:enchant_item":4,"minecraft:total_world_time":88868,"minecraft:fall_one_cm":37881},"minecraft:picked_up":{"minecraft:birch_log":4,"minecraft:crafting_table":4,"minecraft:feather":2,"minecraft:chicken":1,"minecraft:wooden_pickaxe":1,"minecraft:oak_log":37,"minecraft:string":1,"minecraft:lapis_lazuli":91,"minecraft:dirt":19,"minecraft:bone":15,"minecraft:blue_orchid":1,"minecraft:apple":2,"minecraft:wheat_seeds":4,"minecraft:cobbled_deepslate":49,"minecraft:stone_pickaxe":1,"minecraft:cooked_chicken":7,"minecraft:sugar_cane":4,"minecraft:oak_planks":9,"minecraft:egg":4,"minecraft:stick":23,"minecraft:raw_iron":21,"minecraft:oak_door":7,"minecraft:gravel":2,"minecraft:diorite":1,"minecraft:rotten_flesh":6,"minecraft:stone_axe":1,"minecraft:crossbow":1,"minecraft:granite":6,"minecraft:netherite_chestplate":1,"minecraft:oak_sapling":13,"minecraft:mutton":9,"minecraft:coal":5,"minecraft:white_wool":28,"minecraft:cobblestone":185}},"DataVersion":3120}