{"stats":{"minecraft:used":{"minecraft:dirt":3,"alexsmobs:animal_dictionary":2,"minecraft:cooked_beef":2},"minecraft:picked_up":{"croptopia:toast":1,"minecraft:tnt":3,"minecraft:cooked_beef":3,"minecraft:golden_apple":1,"minecraft:dirt":3},"minecraft:killed":{"minecraft:sheep":1},"minecraft:mined":{"minecraft:grass":1,"minecraft:dirt_path":2,"minecraft:dirt":1,"minecraft:fire":1,"minecraft:tnt":3},"minecraft:custom":{"minecraft:open_chest":3,"minecraft:time_since_rest":14261,"minecraft:crouch_one_cm":62,"minecraft:play_time":14261,"minecraft:sprint_one_cm":14727,"minecraft:damage_taken":340,"minecraft:walk_one_cm":17069,"minecraft:sneak_time":7,"minecraft:mob_kills":1,"minecraft:jump":69,"minecraft:damage_dealt":122,"minecraft:time_since_death":14261,"minecraft:total_world_time":14261,"minecraft:climb_one_cm":48,"minecraft:inspect_dispenser":1,"minecraft:talked_to_villager":3,"minecraft:fall_one_cm":536,"minecraft:fly_one_cm":14539,"minecraft:open_barrel":2}},"DataVersion":3120}