{"stats":{"minecraft:dropped":{"minecraft:cobweb":2,"minecraft:diamond_sword":1,"minecraft:stone_axe":1,"minecraft:shield":1,"artifacts:superstitious_hat":1,"minecraft:oak_log":7,"minecraft:tnt":3,"iceandfire:iron_hippogryph_armor":1,"tombstone:gift":1,"minecraft:raw_iron":10,"minecraft:cobblestone":82,"minecraft:oak_planks":34,"iceandfire:silver_ore":4,"iceandfire:hippogryph_egg":1,"minecraft:arrow":2,"minecraft:iron_pickaxe":1,"minecraft:chainmail_leggings":1,"minecraft:paper":7,"minecraft:white_bed":1,"minecraft:string":5,"minecraft:white_wool":1,"minecraft:chainmail_helmet":1,"minecraft:coal":8,"minecraft:bone":7,"minecraft:water_bucket":1,"minecraft:stick":64,"minecraft:iron_ingot":3},"minecraft:used":{"minecraft:apple":2,"minecraft:stone_sword":1,"minecraft:bread":2,"minecraft:dirt":3,"minecraft:cobblestone":2,"alexsmobs:animal_dictionary":8,"minecraft:cooked_beef":3},"minecraft:killed_by":{"minecraft:iron_golem":1},"minecraft:picked_up":{"croptopia:toast":1,"iceandfire:hippogryph_egg":1,"minecraft:stick":8,"minecraft:leather_chestplate":1,"minecraft:cooked_beef":3,"minecraft:leather_leggings":1,"iceandfire:silver_ore":4,"minecraft:oak_log":7,"minecraft:string":5,"minecraft:dirt":3,"minecraft:tnt":3,"minecraft:leather_boots":1,"minecraft:stone_sword":1,"minecraft:bone":3,"minecraft:arrow":2,"minecraft:stone_axe":1,"minecraft:chainmail_leggings":1,"iceandfire:iron_hippogryph_armor":1,"minecraft:stone_pickaxe":1,"minecraft:golden_apple":1,"minecraft:oak_planks":34,"minecraft:white_wool":1,"minecraft:cobblestone":3},"minecraft:mined":{"minecraft:fire":1,"minecraft:tnt":3,"minecraft:grass":3,"minecraft:dirt_path":2,"minecraft:dirt":1},"minecraft:killed":{"minecraft:sheep":1},"minecraft:custom":{"minecraft:time_since_rest":8403,"minecraft:sprint_one_cm":47874,"minecraft:damage_taken":1926,"minecraft:walk_one_cm":79563,"minecraft:mob_kills":1,"minecraft:drop":28,"minecraft:damage_dealt":232,"minecraft:talked_to_villager":3,"minecraft:player_kills":1,"minecraft:fly_one_cm":77466,"minecraft:open_barrel":2,"minecraft:open_chest":11,"minecraft:crouch_one_cm":472,"minecraft:play_time":38261,"minecraft:deaths":1,"minecraft:sneak_time":210,"tombstone:tomb_raiding":1,"minecraft:jump":328,"minecraft:time_since_death":8572,"minecraft:sleep_in_bed":1,"minecraft:climb_one_cm":1684,"minecraft:total_world_time":38261,"minecraft:fall_one_cm":11284,"minecraft:inspect_dispenser":1}},"DataVersion":3120}