{"stats":{"minecraft:dropped":{"minecraft:dark_oak_sapling":1,"minecraft:enchanted_golden_apple":9},"minecraft:mined":{"minecraft:dark_oak_leaves":3,"minecraft:crafting_table":2,"minecraft:grass_block":3,"minecraft:sugar_cane":4,"minecraft:furnace":1,"minecraft:birch_log":1,"minecraft:andesite":14,"minecraft:birch_leaves":1,"minecraft:coal_ore":39,"minecraft:oak_log":20,"minecraft:dirt":7,"minecraft:stone":14,"minecraft:oak_leaves":8},"minecraft:used":{"minecraft:cooked_mutton":2,"minecraft:diamond_boots":1,"minecraft:stone_pickaxe":45,"minecraft:wooden_pickaxe":26,"minecraft:golden_apple":1,"minecraft:dirt":8,"minecraft:crafting_table":2,"minecraft:diamond_helmet":1,"minecraft:totem_of_undying":1,"minecraft:stone_axe":49,"minecraft:diamond_chestplate":1,"minecraft:diamond_sword":31,"minecraft:wooden_sword":59,"minecraft:potion":1,"minecraft:furnace":1,"minecraft:cooked_porkchop":1,"minecraft:cooked_beef":1,"minecraft:diamond_leggings":1,"minecraft:enchanted_golden_apple":2},"minecraft:picked_up":{"minecraft:birch_log":4,"minecraft:seagrass":4,"minecraft:crafting_table":3,"minecraft:leather_chestplate":1,"minecraft:andesite":28,"minecraft:leather_leggings":1,"minecraft:leather":8,"minecraft:diamond_sword":1,"minecraft:wooden_pickaxe":1,"minecraft:potion":1,"minecraft:oak_log":31,"minecraft:shield":1,"minecraft:dirt":22,"minecraft:wooden_sword":1,"minecraft:leather_boots":1,"minecraft:diamond_leggings":1,"minecraft:beef":21,"minecraft:stone_pickaxe":1,"minecraft:diamond_helmet":1,"minecraft:enchanted_golden_apple":11,"minecraft:sugar_cane":20,"minecraft:oak_planks":9,"minecraft:furnace":2,"minecraft:dark_oak_sapling":1,"minecraft:stick":4,"minecraft:cooked_porkchop":31,"minecraft:shulker_box":1,"minecraft:leather_helmet":1,"minecraft:diamond_chestplate":1,"minecraft:rotten_flesh":1,"minecraft:stone_axe":1,"minecraft:diamond_boots":1,"minecraft:golden_apple":5,"minecraft:totem_of_undying":2,"minecraft:mutton":2,"minecraft:coal":113,"minecraft:white_wool":2,"minecraft:cobblestone":14},"minecraft:crafted":{"minecraft:cooked_beef":10,"minecraft:oak_planks":20,"minecraft:crafting_table":1,"minecraft:wooden_pickaxe":1,"minecraft:furnace":1,"minecraft:stone_axe":1,"minecraft:cooked_mutton":2,"minecraft:air":0,"minecraft:stick":8,"minecraft:stone_pickaxe":1},"minecraft:killed":{"minecraft:sheep":1,"minecraft:turtle":3,"minecraft:cow":9},"minecraft:broken":{"minecraft:leather_helmet":1,"minecraft:wooden_sword":1,"minecraft:leather_boots":1,"minecraft:leather_leggings":1,"minecraft:leather_chestplate":1},"minecraft:killed_by":{"minecraft:player":2,"minecraft:creeper":2},"minecraft:custom":{"minecraft:interact_with_furnace":6,"minecraft:mob_kills":13,"minecraft:interact_with_crafting_table":4,"minecraft:time_since_death":2842,"minecraft:damage_resisted":189,"minecraft:time_since_rest":2875,"minecraft:sprint_one_cm":98126,"minecraft:walk_one_cm":225743,"minecraft:damage_taken":1983,"minecraft:damage_absorbed":375,"minecraft:drop":10,"minecraft:damage_dealt":3721,"minecraft:swim_one_cm":13635,"minecraft:fly_one_cm":69867,"minecraft:player_kills":3,"minecraft:crouch_one_cm":1116,"minecraft:play_time":39984,"minecraft:deaths":5,"minecraft:sneak_time":519,"minecraft:walk_under_water_one_cm":2914,"minecraft:jump":755,"minecraft:walk_on_water_one_cm":5095,"minecraft:total_world_time":39984,"minecraft:fall_one_cm":11805}},"DataVersion":3120}