{"stats":{"minecraft:killed":{"minecraft:spider":1,"minecraft:sheep":6,"minecraft:zombie":2,"minecraft:chicken":1,"minecraft:wither_skeleton":19},"minecraft:crafted":{"minecraft:oak_door":3,"minecraft:oak_planks":40,"minecraft:crafting_table":2,"minecraft:wooden_pickaxe":1,"minecraft:cooked_chicken":2,"minecraft:furnace":1,"minecraft:stone_axe":1,"minecraft:air":0,"minecraft:stick":8,"minecraft:stone_pickaxe":2,"minecraft:white_bed":2},"minecraft:killed_by":{"minecraft:player":1},"minecraft:broken":{"minecraft:stone_pickaxe":1},"minecraft:used":{"minecraft:netherite_sword":37,"minecraft:stone_pickaxe":204,"minecraft:netherite_chestplate":1,"minecraft:wooden_pickaxe":4,"minecraft:cooked_chicken":3,"minecraft:rotten_flesh":4,"minecraft:oak_door":8,"minecraft:dirt":1,"minecraft:crafting_table":3,"minecraft:white_bed":2,"minecraft:apple":2,"minecraft:chicken":1,"minecraft:netherite_axe":29,"minecraft:stone_axe":64,"minecraft:cobblestone":21,"minecraft:potion":2,"minecraft:furnace":1,"minecraft:egg":4,"minecraft:enchanted_golden_apple":2,"minecraft:experience_bottle":64},"minecraft:mined":{"minecraft:oak_door":6,"minecraft:crafting_table":3,"minecraft:granite":6,"minecraft:grass_block":14,"minecraft:tall_grass":6,"minecraft:cobblestone":3,"minecraft:lapis_ore":4,"minecraft:sugar_cane":1,"minecraft:diorite":1,"minecraft:birch_log":4,"minecraft:iron_ore":21,"minecraft:grass":4,"minecraft:oak_log":37,"minecraft:gravel":2,"minecraft:dirt":3,"minecraft:stone":122,"minecraft:oak_leaves":6,"minecraft:deepslate":49},"minecraft:dropped":{"minecraft:wheat_seeds":1,"minecraft:crafting_table":1,"minecraft:cobblestone":22,"minecraft:stick":2,"minecraft:dirt":1,"minecraft:oak_sapling":1},"minecraft:custom":{"minecraft:interact_with_furnace":10,"minecraft:mob_kills":29,"minecraft:interact_with_anvil":6,"minecraft:interact_with_crafting_table":13,"minecraft:leave_game":2,"minecraft:time_since_death":13503,"minecraft:sleep_in_bed":3,"minecraft:climb_one_cm":3370,"minecraft:damage_resisted":128,"minecraft:time_since_rest":5325,"minecraft:sprint_one_cm":113209,"minecraft:damage_taken":1885,"minecraft:damage_absorbed":221,"minecraft:walk_one_cm":106710,"minecraft:drop":7,"minecraft:damage_dealt":5176,"minecraft:swim_one_cm":18490,"minecraft:fly_one_cm":207868,"minecraft:player_kills":1,"minecraft:open_chest":9,"minecraft:crouch_one_cm":573,"minecraft:play_time":64868,"minecraft:deaths":4,"minecraft:sneak_time":765,"minecraft:walk_under_water_one_cm":12671,"minecraft:jump":1109,"minecraft:walk_on_water_one_cm":5129,"minecraft:enchant_item":4,"minecraft:total_world_time":64868,"minecraft:fall_one_cm":37248},"minecraft:picked_up":{"minecraft:birch_log":4,"minecraft:crafting_table":4,"minecraft:feather":2,"minecraft:chicken":1,"minecraft:wooden_pickaxe":1,"minecraft:oak_log":37,"minecraft:string":1,"minecraft:lapis_lazuli":91,"minecraft:dirt":7,"minecraft:bone":15,"minecraft:apple":2,"minecraft:wheat_seeds":4,"minecraft:cobbled_deepslate":49,"minecraft:stone_pickaxe":1,"minecraft:cooked_chicken":1,"minecraft:sugar_cane":4,"minecraft:oak_planks":9,"minecraft:egg":4,"minecraft:stick":7,"minecraft:raw_iron":21,"minecraft:oak_door":7,"minecraft:gravel":2,"minecraft:diorite":1,"minecraft:rotten_flesh":4,"minecraft:stone_axe":1,"minecraft:crossbow":1,"minecraft:granite":6,"minecraft:netherite_chestplate":1,"minecraft:oak_sapling":13,"minecraft:mutton":9,"minecraft:coal":5,"minecraft:white_wool":6,"minecraft:cobblestone":185}},"DataVersion":3120}