{"stats":{"minecraft:mined":{"minecraft:oak_log":9,"minecraft:birch_leaves":1,"minecraft:oak_leaves":6,"minecraft:birch_log":1},"minecraft:picked_up":{"minecraft:stick":1,"minecraft:oak_log":9},"minecraft:killed_by":{"minecraft:creeper":1},"minecraft:custom":{"minecraft:jump":144,"minecraft:time_since_rest":1735,"minecraft:deaths":1,"minecraft:damage_dealt":293,"minecraft:crouch_one_cm":367,"minecraft:walk_on_water_one_cm":1271,"minecraft:damage_taken":407,"minecraft:sprint_one_cm":14203,"minecraft:play_time":3984,"minecraft:time_since_death":1693,"minecraft:walk_one_cm":9611,"minecraft:sneak_time":78,"minecraft:total_world_time":3984,"minecraft:walk_under_water_one_cm":111,"minecraft:swim_one_cm":8128,"minecraft:fall_one_cm":5194,"minecraft:fly_one_cm":18027}},"DataVersion":3120}