{"stats":{"minecraft:killed":{"minecraft:sheep":6,"minecraft:zombie":2,"minecraft:chicken":1,"minecraft:wither_skeleton":19},"minecraft:crafted":{"minecraft:oak_planks":20,"minecraft:crafting_table":1,"minecraft:wooden_pickaxe":1,"minecraft:cooked_chicken":1,"minecraft:furnace":1,"minecraft:stone_axe":1,"minecraft:air":0,"minecraft:stick":8,"minecraft:stone_pickaxe":1,"minecraft:white_bed":2},"minecraft:killed_by":{"minecraft:player":1},"minecraft:used":{"minecraft:netherite_sword":37,"minecraft:stone_pickaxe":35,"minecraft:netherite_chestplate":1,"minecraft:wooden_pickaxe":4,"minecraft:cooked_chicken":1,"minecraft:rotten_flesh":4,"minecraft:crafting_table":1,"minecraft:white_bed":2,"minecraft:apple":2,"minecraft:chicken":1,"minecraft:netherite_axe":29,"minecraft:stone_axe":51,"minecraft:cobblestone":9,"minecraft:potion":2,"minecraft:furnace":1,"minecraft:egg":4,"minecraft:enchanted_golden_apple":2,"minecraft:experience_bottle":64},"minecraft:mined":{"minecraft:crafting_table":1,"minecraft:grass_block":13,"minecraft:tall_grass":6,"minecraft:cobblestone":1,"minecraft:sugar_cane":1,"minecraft:birch_log":4,"minecraft:grass":1,"minecraft:oak_log":37,"minecraft:dirt":1,"minecraft:stone":38,"minecraft:oak_leaves":3},"minecraft:dropped":{"minecraft:wheat_seeds":1,"minecraft:crafting_table":1,"minecraft:cobblestone":22,"minecraft:dirt":1,"minecraft:oak_sapling":1},"minecraft:custom":{"minecraft:interact_with_furnace":8,"minecraft:mob_kills":28,"minecraft:interact_with_anvil":6,"minecraft:interact_with_crafting_table":10,"minecraft:leave_game":2,"minecraft:time_since_death":19462,"minecraft:sleep_in_bed":2,"minecraft:climb_one_cm":2225,"minecraft:damage_resisted":128,"minecraft:time_since_rest":1845,"minecraft:sprint_one_cm":104675,"minecraft:damage_taken":1511,"minecraft:damage_absorbed":221,"minecraft:walk_one_cm":79686,"minecraft:drop":5,"minecraft:damage_dealt":4778,"minecraft:swim_one_cm":2796,"minecraft:fly_one_cm":202295,"minecraft:open_chest":9,"minecraft:crouch_one_cm":517,"minecraft:play_time":40868,"minecraft:deaths":3,"minecraft:sneak_time":734,"minecraft:walk_under_water_one_cm":822,"minecraft:jump":1039,"minecraft:walk_on_water_one_cm":2558,"minecraft:enchant_item":4,"minecraft:total_world_time":40868,"minecraft:fall_one_cm":35431},"minecraft:picked_up":{"minecraft:birch_log":4,"minecraft:crafting_table":2,"minecraft:feather":2,"minecraft:chicken":1,"minecraft:wooden_pickaxe":1,"minecraft:oak_log":37,"minecraft:lapis_lazuli":64,"minecraft:dirt":4,"minecraft:bone":15,"minecraft:apple":2,"minecraft:wheat_seeds":3,"minecraft:stone_pickaxe":1,"minecraft:sugar_cane":4,"minecraft:oak_planks":9,"minecraft:egg":4,"minecraft:stick":5,"minecraft:rotten_flesh":4,"minecraft:stone_axe":1,"minecraft:crossbow":1,"minecraft:netherite_chestplate":1,"minecraft:oak_sapling":12,"minecraft:mutton":9,"minecraft:coal":5,"minecraft:white_wool":6,"minecraft:cobblestone":100}},"DataVersion":3120}