{"stats":{"minecraft:mined":{"minecraft:birch_log":1,"minecraft:birch_leaves":1,"minecraft:andesite":14,"minecraft:crafting_table":1,"minecraft:oak_log":20,"minecraft:grass_block":3,"minecraft:coal_ore":39,"minecraft:dirt":7,"minecraft:stone":14,"minecraft:sugar_cane":4,"minecraft:oak_leaves":6},"minecraft:picked_up":{"minecraft:seagrass":2,"minecraft:stick":1,"minecraft:crafting_table":1,"minecraft:andesite":14,"minecraft:leather":3,"minecraft:oak_log":20,"minecraft:dirt":10,"minecraft:beef":10,"minecraft:sugar_cane":10,"minecraft:mutton":2,"minecraft:coal":39,"minecraft:white_wool":1,"minecraft:cobblestone":14},"minecraft:used":{"minecraft:cooked_mutton":1,"minecraft:stone_pickaxe":44,"minecraft:wooden_pickaxe":26,"minecraft:stone_axe":28,"minecraft:dirt":8,"minecraft:crafting_table":2,"minecraft:furnace":1},"minecraft:crafted":{"minecraft:oak_planks":20,"minecraft:crafting_table":1,"minecraft:stick":8,"minecraft:wooden_pickaxe":1,"minecraft:stone_pickaxe":1,"minecraft:furnace":1,"minecraft:stone_axe":1,"minecraft:air":0,"minecraft:cooked_mutton":2},"minecraft:killed":{"minecraft:sheep":1,"minecraft:turtle":3,"minecraft:cow":4},"minecraft:killed_by":{"minecraft:creeper":1},"minecraft:custom":{"minecraft:time_since_rest":13735,"minecraft:interact_with_furnace":3,"minecraft:sprint_one_cm":27985,"minecraft:damage_taken":407,"minecraft:walk_one_cm":97485,"minecraft:mob_kills":8,"minecraft:damage_dealt":1672,"minecraft:interact_with_crafting_table":4,"minecraft:swim_one_cm":9892,"minecraft:fly_one_cm":37182,"minecraft:crouch_one_cm":971,"minecraft:play_time":15984,"minecraft:deaths":1,"minecraft:sneak_time":357,"minecraft:walk_under_water_one_cm":145,"minecraft:jump":350,"minecraft:walk_on_water_one_cm":1784,"minecraft:time_since_death":13693,"minecraft:total_world_time":15984,"minecraft:fall_one_cm":7555}},"DataVersion":3120}