{"stats":{"minecraft:killed":{"minecraft:wither_skeleton":19},"minecraft:used":{"minecraft:netherite_sword":37,"minecraft:potion":2,"minecraft:netherite_axe":29,"minecraft:enchanted_golden_apple":2,"minecraft:experience_bottle":64},"minecraft:mined":{"minecraft:grass_block":9,"minecraft:dirt":1},"minecraft:picked_up":{"minecraft:bone":15,"minecraft:dirt":3,"minecraft:coal":5,"minecraft:lapis_lazuli":64},"minecraft:custom":{"minecraft:time_since_rest":7507,"minecraft:open_chest":7,"minecraft:crouch_one_cm":517,"minecraft:walk_one_cm":23479,"minecraft:play_time":7507,"minecraft:sprint_one_cm":13371,"minecraft:damage_taken":447,"minecraft:damage_absorbed":221,"minecraft:sneak_time":563,"minecraft:interact_with_anvil":6,"minecraft:mob_kills":19,"minecraft:jump":109,"minecraft:damage_dealt":3612,"minecraft:leave_game":1,"minecraft:time_since_death":7507,"minecraft:enchant_item":4,"minecraft:total_world_time":7507,"minecraft:damage_resisted":128,"minecraft:fall_one_cm":2352,"minecraft:fly_one_cm":28696}},"DataVersion":3120}