{"stats":{"minecraft:killed":{"minecraft:zombie":1,"minecraft:wither_skeleton":19},"minecraft:crafted":{"minecraft:oak_planks":16,"minecraft:stick":8,"minecraft:wooden_pickaxe":1,"minecraft:stone_pickaxe":1,"minecraft:stone_axe":1},"minecraft:killed_by":{"minecraft:player":1},"minecraft:used":{"minecraft:netherite_sword":37,"minecraft:stone_pickaxe":34,"minecraft:netherite_chestplate":1,"minecraft:netherite_axe":29,"minecraft:wooden_pickaxe":4,"minecraft:stone_axe":1,"minecraft:potion":2,"minecraft:egg":4,"minecraft:enchanted_golden_apple":2,"minecraft:experience_bottle":64},"minecraft:mined":{"minecraft:crafting_table":1,"minecraft:grass":1,"minecraft:grass_block":13,"minecraft:oak_log":4,"minecraft:dirt":1,"minecraft:tall_grass":6,"minecraft:stone":38,"minecraft:oak_leaves":3},"minecraft:dropped":{"minecraft:dirt":1,"minecraft:wheat_seeds":1,"minecraft:oak_sapling":1},"minecraft:picked_up":{"minecraft:crafting_table":1,"minecraft:oak_log":4,"minecraft:lapis_lazuli":64,"minecraft:dirt":4,"minecraft:bone":15,"minecraft:wheat_seeds":3,"minecraft:crossbow":1,"minecraft:netherite_chestplate":1,"minecraft:oak_sapling":1,"minecraft:coal":5,"minecraft:cobblestone":39,"minecraft:egg":4},"minecraft:custom":{"minecraft:time_since_rest":1495,"minecraft:walk_one_cm":48662,"minecraft:sprint_one_cm":56493,"minecraft:damage_absorbed":221,"minecraft:damage_taken":1291,"minecraft:interact_with_anvil":6,"minecraft:mob_kills":20,"minecraft:drop":3,"minecraft:damage_dealt":4058,"minecraft:swim_one_cm":2796,"minecraft:interact_with_crafting_table":5,"minecraft:fly_one_cm":135717,"minecraft:open_chest":9,"minecraft:crouch_one_cm":517,"minecraft:play_time":22868,"minecraft:deaths":3,"minecraft:sneak_time":703,"minecraft:walk_under_water_one_cm":822,"minecraft:jump":646,"minecraft:leave_game":2,"minecraft:time_since_death":1462,"minecraft:walk_on_water_one_cm":2558,"minecraft:enchant_item":4,"minecraft:climb_one_cm":419,"minecraft:total_world_time":22868,"minecraft:damage_resisted":128,"minecraft:fall_one_cm":24675}},"DataVersion":3120}