{"stats":{"minecraft:used":{"minecraft:dirt":3,"minecraft:bread":2,"alexsmobs:animal_dictionary":8,"minecraft:cooked_beef":3},"minecraft:picked_up":{"croptopia:toast":1,"minecraft:stone_sword":1,"minecraft:tnt":3,"minecraft:arrow":2,"minecraft:cooked_beef":3,"minecraft:bone":3,"minecraft:leather_leggings":1,"minecraft:stone_axe":1,"minecraft:stone_pickaxe":1,"minecraft:golden_apple":1,"minecraft:white_wool":1,"minecraft:leather_chestplate":1,"minecraft:dirt":3,"minecraft:leather_boots":1},"minecraft:killed":{"minecraft:sheep":1},"minecraft:mined":{"minecraft:grass":3,"minecraft:dirt_path":2,"minecraft:dirt":1,"minecraft:fire":1,"minecraft:tnt":3},"minecraft:custom":{"minecraft:open_chest":11,"minecraft:time_since_rest":8661,"minecraft:crouch_one_cm":472,"minecraft:play_time":26261,"minecraft:sprint_one_cm":39138,"minecraft:damage_taken":683,"minecraft:walk_one_cm":58219,"minecraft:sneak_time":187,"minecraft:mob_kills":1,"minecraft:jump":253,"minecraft:damage_dealt":180,"minecraft:time_since_death":26261,"minecraft:sleep_in_bed":1,"minecraft:total_world_time":26261,"minecraft:climb_one_cm":1684,"minecraft:inspect_dispenser":1,"minecraft:talked_to_villager":3,"minecraft:fall_one_cm":8051,"minecraft:fly_one_cm":56136,"minecraft:open_barrel":2}},"DataVersion":3120}